1 121.1608 22.9422 -52.7310 27.2910 -14.6190 3.2000 1.2110 4.2070
1 121.1383 22.7793 -65.1310 18.5580 -2.8680 0.9930 0.8350 1.2340
1 120.4340 23.5582 NaN NaN -3.5678 NaN NaN 0.3510
1 120.3134 23.2498 NaN NaN 2.4328 NaN NaN 0.5490
1 120.3012 23.0744 NaN NaN 2.1777 NaN NaN 0.2980
1 121.6288 25.2657 1.3400 2.4720 -0.6030 0.2140 0.1930 1.3800
1 120.5710 22.4342 NaN NaN -16.7671 NaN NaN 0.2380
1 121.5116 25.1100 2.3750 2.6810 -2.3940 0.1770 0.1810 1.8160
1 121.5461 25.1798 2.3910 2.2510 -3.0790 0.1680 0.1910 1.2920
1 120.7040 24.2135 -5.7690 2.2270 -1.5380 1.3250 0.6030 3.4710
1 120.5577 23.5778 NaN NaN 1.9796 NaN NaN 0.3070
1 120.5581 23.5639 NaN NaN 2.2821 NaN NaN 0.3790
1 120.4556 22.9262 NaN NaN 14.0924 NaN NaN 3.7740
1 120.4837 22.8798 NaN NaN 2.8652 NaN NaN 1.7380
1 121.2592 25.0787 0.8440 3.1060 1.2910 0.4120 0.2200 2.9190
1 121.0092 24.7876 -1.6610 4.0480 -2.8200 0.4960 0.2480 1.7720
1 120.5530 23.4630 -15.5400 3.4100 0.2400 0.0700 0.0300 0.1800
1 120.8220 21.9358 NaN NaN 2.6563 NaN NaN 0.3700
1 120.8516 21.9052 NaN NaN 1.3626 NaN NaN 0.4810
1 120.8267 21.9908 NaN NaN 0.0952 NaN NaN 0.4280
1 121.2128 23.1212 -54.7580 25.4360 -19.8320 1.3340 1.1950 1.7860
1 121.1452 22.9318 -53.6730 29.7700 -6.8400 2.0080 0.8480 2.8380
1 120.5628 23.7688 -6.0410 2.8640 -2.6600 3.5650 0.7780 3.5160
1 120.5436 23.8239 -5.1040 1.8550 -4.4870 2.6030 0.7560 2.6620
1 120.5446 23.9251 -6.2670 1.3420 -7.8670 1.6380 0.6160 3.1920
1 120.5346 23.8714 -5.6520 3.3750 -4.7600 2.4470 0.7540 2.2080
1 120.5858 23.8985 -5.0050 2.1610 0.1460 1.8020 0.7800 3.0120
1 120.6462 23.8700 -6.3850 3.1200 -2.4580 2.0960 0.6910 2.5770
1 120.5248 23.9849 -3.2500 0.7680 -6.5480 1.4190 0.5660 3.0210
1 120.5143 24.0373 -4.4090 0.9390 -5.6260 1.4350 0.6340 2.9190
1 120.6844 23.8944 -8.7590 2.8600 -3.0380 2.0620 0.5740 4.4990
1 120.6977 23.9465 -7.2960 3.5400 -1.5880 2.1480 0.6830 4.1300
1 120.6432 24.0150 -6.1640 3.5900 0.0320 1.7860 0.5940 2.5790
1 120.6478 24.0943 -4.9720 3.1570 -3.4240 1.7490 0.8280 3.3890
1 120.6683 24.0364 -4.7130 3.3550 -7.3110 0.8710 0.3390 1.7500
1 120.6319 24.1566 -4.2000 2.4740 -7.0060 0.8390 0.3390 1.7550
1 120.5690 24.0734 -4.9550 2.1240 -3.4320 1.1360 0.3170 2.0730
1 120.7457 23.9599 -16.6300 6.3980 -0.2210 1.7070 0.5720 2.6890
1 120.7250 24.0350 -11.7880 6.0330 -3.6710 1.0920 0.4060 2.7740
1 120.7519 24.1232 -9.6260 4.9110 2.5210 1.7250 0.6690 4.4840
1 120.6514 24.2217 -4.5820 2.0610 -3.8080 0.8970 0.5400 2.5340
1 120.6232 23.9713 -6.2350 2.4610 -0.7590 1.7310 0.5670 3.3130
1 120.3573 22.8033 -39.8400 -8.7300 0.9700 0.0400 0.0200 0.0900
1 120.8133 23.5082 -31.1700 3.5900 -6.1700 0.1500 0.1200 0.9400
1 121.5247 24.9591 1.1700 3.2500 -3.3000 0.0200 0.0200 0.0800
1 120.4508 23.5605 NaN NaN -1.2953 NaN NaN 0.3700
1 120.5029 23.5588 NaN NaN 1.1693 NaN NaN 0.2770
1 120.5332 22.8861 NaN NaN -0.0457 NaN NaN 1.1840
1 120.6208 22.8596 NaN NaN 3.5386 NaN NaN 1.4470
1 120.6244 22.8632 NaN NaN 3.1964 NaN NaN 1.4010
1 120.6424 22.8780 NaN NaN 5.8679 NaN NaN 1.4410
1 120.6440 22.8790 NaN NaN 4.9112 NaN NaN 1.4520
1 120.3043 22.8076 NaN NaN -15.7156 NaN NaN 1.2980
1 120.3217 22.8071 NaN NaN -3.1511 NaN NaN 1.1460
1 120.3604 22.7592 NaN NaN -6.2832 NaN NaN 0.9030
1 120.3857 22.7709 NaN NaN -1.7619 NaN NaN 0.2590
1 120.4264 22.7817 NaN NaN -0.7433 NaN NaN 0.3960
1 120.4940 22.7732 NaN NaN -2.9541 NaN NaN 1.2790
1 120.2839 22.9680 NaN NaN 7.0854 NaN NaN 0.6180
1 120.3127 23.0340 NaN NaN -2.5023 NaN NaN 0.1750
1 121.4261 24.6995 -3.6700 8.6300 -0.8900 0.0300 0.0300 0.1400
1 121.4421 24.9977 0.6300 2.6400 -1.3000 0.0200 0.0200 0.1200
1 120.3054 22.6931 -49.3400 -23.3000 1.0600 0.0700 0.0600 0.3100
1 120.1719 23.3806 -3.1400 1.0100 -26.9700 0.2900 0.0700 0.4900
1 119.9746 26.2156 -0.0600 0.3000 -1.2100 0.0300 0.0400 0.1700
1 120.9674 22.5328 -31.7800 8.2400 -6.8900 0.4600 0.2600 1.4600
1 120.0634 23.0814 0.7700 -3.6700 -5.7200 0.9400 0.4600 2.4300
1 121.5712 24.1718 -9.0200 6.3400 3.2200 0.0400 0.0400 0.2600
1 120.6124 23.4179 -24.3400 5.7200 0.3200 0.0900 0.0400 0.1600
1 120.5772 23.3617 -25.5300 5.0300 2.9900 0.1000 0.0400 0.3300
1 120.5927 23.5614 -16.2730 6.3670 7.7560 0.6810 0.3590 5.3670
1 120.5770 23.5530 -14.6000 4.6590 -1.3040 0.6610 0.3070 1.7220
1 120.7834 23.9821 -18.0420 7.4740 7.1460 2.5420 0.7310 3.4420
1 120.3934 23.1213 -13.1070 3.2150 14.0670 0.7180 0.3210 2.0310
1 120.6887 23.9794 -7.2600 3.0700 -6.4200 0.0200 0.0100 0.0800
1 121.3736 23.0974 -53.2900 44.6500 -2.2600 0.0400 0.0300 0.1200
1 121.3745 23.0983 -52.6300 45.1200 -3.5900 0.0300 0.0200 0.0900
1 120.4332 23.4960 -9.3300 2.7400 16.4500 0.0200 0.0200 0.4100
1 120.3187 22.5872 -44.3800 -16.8500 -11.6700 0.6300 0.4000 2.3300
1 121.2060 23.1158 -34.7600 18.8200 -8.6200 0.0700 0.0200 0.1500
1 120.5822 24.2710 -3.0900 2.1500 -4.5300 0.0400 0.0300 0.1700
1 120.8289 23.9454 -20.7000 13.0100 -0.4300 0.0400 0.0200 0.1200
1 120.0928 23.0558 -2.5100 -0.7500 -5.5200 0.0300 0.0200 0.1300
1 121.6619 24.1492 -10.3500 2.2600 -4.8800 0.0200 0.0200 0.0800
1 120.2891 23.8603 -1.5500 0.8600 -5.2900 0.0200 0.0200 0.1200
1 120.5573 24.0661 -1.9000 1.1900 -5.1000 0.0200 0.0100 0.1000
1 121.1257 23.1324 -32.7000 14.9500 -0.4700 0.0400 0.0300 0.1600
1 121.3931 23.4529 -47.0900 39.9000 -9.1000 0.0300 0.0200 0.1100
1 120.1402 23.4508 -0.5600 -2.5700 -30.2200 0.0200 0.0200 0.1500
1 120.2908 23.3933 -5.3300 1.4700 -3.3500 0.0300 0.0200 0.0800
1 119.4300 23.2046 -0.8800 -0.0800 -3.4700 0.0300 0.0300 0.1600
1 120.4812 22.8896 -53.6900 -6.2700 1.8500 0.0600 0.0300 0.1000
1 120.2105 22.9759 -11.3000 -1.9300 1.8500 0.2300 0.1400 0.8600
1 120.2200 22.9989 -13.7000 -0.5000 -1.0700 0.0300 0.0200 0.1400
1 121.5120 24.6023 2.4900 6.0000 1.8200 0.0300 0.0200 0.1400
1 120.5796 22.4301 -57.1000 -0.5200 -17.7500 0.0300 0.0200 0.2000
1 121.0253 24.2794 -16.2200 16.7200 -16.0800 0.7500 0.4400 2.4600
1 120.2778 22.7547 -39.9000 -12.1300 -1.1700 0.0200 0.0100 0.0700
1 121.5139 25.0377 1.5000 4.3800 6.1900 0.1400 0.1100 0.6000
1 120.4528 23.4730 -10.4300 4.5400 -2.7300 0.0200 0.0200 0.0700
1 121.2144 25.0799 1.1050 3.1240 0.1710 0.2590 0.1560 1.1380
1 121.1407 25.0550 -0.8750 2.4060 0.7500 1.5170 0.4600 4.3170
1 120.8718 24.4229 -6.1800 1.9500 -3.2400 0.0200 0.0200 0.0900
1 120.8650 22.3113 -44.3200 14.3100 -1.7800 0.0300 0.0200 0.1200
1 120.3978 22.5926 -47.3000 -17.9400 -5.7400 0.3200 0.1800 0.8900
1 120.7519 22.2041 -48.4100 6.5900 3.6100 0.1100 0.1000 0.6100
1 120.9444 22.4784 -37.5400 14.4600 -13.8300 0.6200 0.3600 2.5200
1 120.4354 22.6879 -53.0700 -8.0800 -14.6900 0.4100 0.2300 1.2900
1 120.8901 22.3406 -44.0400 15.6200 -2.0700 0.0400 0.0300 0.1600
1 121.2806 23.2132 -46.2000 39.6900 1.7500 0.0300 0.0200 0.1100
1 120.2168 22.9188 -19.8500 -9.9000 7.6500 0.7300 0.5500 2.7300
1 120.4480 23.6738 -3.8200 3.5100 -13.0200 0.0200 0.0100 0.1100
1 121.4823 23.6851 -37.6800 26.6600 -9.3200 0.0800 0.0600 0.2800
1 120.7035 22.9156 -54.8600 1.4900 4.7100 0.0300 0.0200 0.1000
1 120.4897 26.3677 -0.1200 0.2200 -2.7600 0.0300 0.0300 0.1700
1 120.8269 24.2627 -6.3700 5.3200 0.7400 0.0300 0.0200 0.1000
1 120.9328 24.0431 -21.4600 11.3500 1.9900 0.0300 0.0200 0.1200
1 121.4167 25.1814 1.1160 2.7580 0.7280 0.6340 0.2020 3.5420
1 121.3980 23.6312 -30.7500 21.7700 -11.9100 0.0600 0.0400 0.2000
1 121.3306 23.0257 -49.3000 45.4600 1.2500 0.0500 0.0400 0.1600
1 121.4164 23.1251 -70.4990 53.0020 -5.6790 1.8410 0.9830 4.2960
1 121.1093 22.8099 -68.7080 15.6820 -1.8130 1.2490 1.1180 1.6090
1 121.3589 23.3920 -62.6070 48.7040 0.8190 1.3060 0.4580 1.8810
1 121.2799 23.1030 -64.0450 49.8220 0.6530 1.2540 0.4360 2.5490
1 121.3550 23.3040 -57.1700 51.9010 5.8890 1.6910 0.6960 1.8370
1 121.3248 23.3146 -51.4370 31.9270 -20.9510 0.6580 0.5950 0.8770
1 121.1985 23.0369 -71.7620 43.8010 -6.9820 1.6170 1.3790 2.0230
1 121.2880 23.2397 -65.7490 42.8240 4.0630 2.8190 0.7980 2.2060
1 121.1475 22.8178 -76.2780 41.6630 -8.1630 1.5330 1.4250 2.0290
1 121.5730 24.0045 -38.9360 16.9210 -21.3790 1.3660 1.2170 2.0270
1 121.5406 23.8867 -44.4220 25.6560 -11.3730 2.1960 0.4000 3.5870
1 121.3184 23.3416 -47.9010 28.8430 -14.3480 1.4950 0.4910 1.5280
1 120.4196 23.7976 0.2100 1.1800 -14.8100 0.0400 0.0200 0.2400
1 121.1661 22.9422 -55.3600 46.0700 10.0200 0.0800 0.1500 0.3800
1 120.7275 23.8359 -14.4370 5.7580 -6.3930 1.8930 1.2290 5.0490
1 120.8502 23.8133 -27.1110 9.6050 -4.3580 2.9610 1.3920 10.7010
1 120.5936 22.3653 -56.5800 0.7400 -11.5700 0.0200 0.0200 0.1000
1 121.1982 24.1062 -19.4100 10.7900 NaN 0.5200 0.3800 NaN
1 121.1982 24.1062 -28.9200 24.7100 NaN 9.9200 6.6000 NaN
1 120.6495 24.1783 -3.2900 2.4700 -3.5600 0.3100 0.1200 0.5600
1 121.2498 24.8507 -0.4600 4.4100 -0.8900 0.0300 0.0300 0.1600
1 121.5194 23.5985 -47.7600 45.7800 -9.1100 0.0500 0.0400 0.1900
1 121.7811 25.0711 3.7000 0.7000 2.9400 0.0200 0.0200 0.1400
1 120.8563 23.6836 -28.9200 7.0300 -8.4600 0.4600 0.2200 1.9000
1 121.4534 23.7463 -27.8600 22.8600 -8.3200 0.0700 0.0300 0.1200
1 121.9375 25.0204 3.7400 -1.3800 -3.6900 0.0200 0.0300 0.1000
1 120.7245 24.0352 -11.6600 5.2800 -4.1100 0.0200 0.0100 0.0700
1 121.5209 23.5982 -50.3700 52.0800 -25.0300 0.2800 0.1700 0.9100
1 120.3511 22.6278 -48.1100 -26.4300 -16.1000 2.9300 5.4400 1.5400
1 121.4918 23.8464 -23.2500 20.0400 -6.2100 2.7000 2.4400 9.9900
1 121.1922 22.7907 -58.5400 42.0100 -3.1200 0.0700 0.0400 0.1500
1 120.3202 23.9223 0.4800 -0.2500 -22.7500 0.0200 0.0200 0.2100
1 120.8233 24.0112 -16.7000 12.6200 -2.7700 0.1800 0.0900 0.4200
1 121.3529 24.8212 -2.2000 5.9000 -3.7400 0.0600 0.0400 0.2400
1 121.3315 24.7990 -0.7700 6.0900 -1.2500 0.0200 0.0100 0.0900
1 120.4960 22.7818 -54.5880 -3.7700 -1.2930 0.9700 0.4620 2.6020
1 120.6099 22.7021 -54.8380 0.8070 0.8220 0.8940 0.5070 1.9120
1 120.5646 22.6613 -55.9040 -0.5140 -4.9210 1.3680 0.6950 2.6420
1 120.5258 22.6214 -54.0080 -0.1900 -6.7980 1.3680 0.7090 3.3770
1 120.5944 22.5708 -54.0160 -0.1640 -3.6720 2.9500 1.1560 6.8530
1 120.5884 22.5086 -55.9670 0.7140 -1.1660 1.3800 0.9980 4.7610
1 120.4608 22.8347 -51.7800 -5.0660 1.9220 1.2010 0.6010 2.1980
1 120.5983 22.8273 -57.3390 -0.1850 1.1870 0.8450 0.4630 1.5470
1 120.5983 22.8273 -57.3390 -0.1850 -1.2560 0.8450 0.4630 2.2200
1 120.6107 22.7908 -56.5440 1.0770 -0.6370 1.3670 0.6380 3.2570
1 120.4900 22.7358 -54.6980 -4.7810 -1.0730 0.5980 0.1800 1.1290
1 120.3947 22.6059 -46.4500 -16.9620 -0.0050 1.3750 0.4890 3.3490
1 120.5947 22.6307 -55.1820 0.3100 -2.5470 1.8840 0.6310 4.0400
1 120.5660 22.6088 -54.7810 0.8400 -3.6900 1.7380 0.7460 3.0530
1 120.4553 22.4703 -43.9640 -18.3870 -10.8250 2.1420 0.7980 2.4650
1 120.5952 22.4096 -54.7400 0.7860 -6.9140 1.4540 0.5910 5.1960
1 120.6403 23.7565 -9.5610 3.2540 -2.4950 2.5280 0.6190 3.6130
1 120.6434 23.8005 -6.8580 3.3770 -3.3230 1.5250 0.5580 2.5930
1 120.6548 23.7143 -11.1210 5.4030 -3.0550 3.0430 0.5990 3.6910
1 120.6865 23.7630 -11.0110 4.3550 -4.2760 1.2120 0.3650 2.4700
1 120.7505 23.8326 -19.6210 7.3720 -0.3410 1.1500 0.3310 1.5950
1 120.6618 23.8366 -7.4370 3.4260 -7.5960 1.5780 0.6050 2.1950
1 120.3768 23.8746 -3.0980 2.7320 -18.7130 1.1720 0.3540 2.0030
1 120.6646 22.8856 NaN NaN 2.2556 NaN NaN 3.0400
1 120.6319 22.5908 -58.3730 2.2840 2.9140 2.1160 0.5090 3.2410
1 120.6411 22.8174 -56.8410 2.2690 1.2510 1.8220 0.3890 2.4970
1 120.4300 24.0556 -2.2470 1.1380 -5.2020 0.4630 0.2140 0.8660
1 120.3848 24.0065 -2.9700 0.7950 -13.3820 0.8310 0.3250 1.1850
1 120.4193 24.0076 -3.0720 1.1240 -14.0430 0.7400 0.3650 1.2580
1 120.3942 23.9374 -1.9920 0.2730 -34.0550 1.6400 0.4340 2.8350
1 120.2892 23.8607 -2.8630 1.8350 -7.1550 1.1420 0.2950 1.6470
1 120.4775 23.8929 -3.1710 1.3790 -20.2200 1.3370 0.3580 1.6510
1 120.3918 23.7961 -4.0030 -1.1280 -18.7010 1.2020 0.3210 1.9620
1 120.3483 23.6865 -0.7900 3.2760 -49.2150 1.9010 0.8930 7.7920
1 120.4312 23.7142 -4.4170 1.1880 -35.6570 1.6680 0.3450 2.8240
1 120.5694 23.6852 -3.2310 3.2280 -3.6380 1.6020 0.6480 4.2120
1 120.1997 23.6527 1.0810 1.0610 -23.5290 2.1120 0.5650 6.9750
1 120.2728 23.6513 0.5210 1.3800 -41.2220 1.5550 0.6940 5.7710
1 120.3012 23.5659 -1.5030 1.3360 -14.1167 0.9230 0.3080 0.4000
1 120.3012 23.5659 -1.5030 1.3360 -15.4600 0.9230 0.3080 2.6620
1 120.4009 23.6340 -3.6060 1.1030 -40.6900 0.7350 0.5350 4.1890
1 120.4740 23.6673 -2.5510 2.2480 -12.3410 1.5190 0.6490 7.9110
1 120.4878 23.6054 -5.2500 4.4070 -3.0900 0.4450 0.5280 2.8620
1 120.5549 23.6264 -6.4950 4.7930 -2.8890 1.0980 0.5620 3.2470
1 120.1838 23.5868 -1.3980 1.6710 -10.6254 1.4770 0.5480 0.3200
1 120.1838 23.5868 -1.3980 1.6710 -12.6320 1.4770 0.5480 4.1610
1 120.1871 23.4922 -1.3520 1.6580 -13.7320 1.3520 0.6790 5.7090
1 120.1540 23.4607 -1.3010 -1.0730 -16.6250 1.1020 0.5180 4.5310
1 120.2519 23.5085 -2.0820 1.3170 -15.0640 1.6040 0.5930 4.8090
1 120.2401 23.4601 -1.8360 1.5210 -16.6260 0.8090 0.4460 2.5030
1 120.3128 23.5003 -4.6460 1.8970 -13.8020 1.4500 0.6700 3.9980
1 120.3790 23.5004 -8.9800 3.7770 -0.0670 1.9840 0.5440 5.6130
1 120.1869 22.9908 -11.6060 3.3580 -2.0349 1.0690 0.4240 0.5930
1 120.4992 23.5082 -11.6060 3.3580 2.4270 1.0690 0.4240 3.4170
1 120.5526 23.5196 -12.3040 5.2240 -1.3170 1.4440 0.6080 6.3640
1 120.5605 23.5804 -9.5000 5.4540 2.7499 1.6460 0.5260 0.2980
1 120.5605 23.5804 -9.5000 5.4540 2.9900 1.6460 0.5260 4.9680
1 120.6147 23.6306 -12.4470 7.2260 2.1010 1.6670 0.6910 5.1070
1 120.5619 24.3119 -3.8160 1.3650 -0.8520 1.9780 0.7660 3.9920
1 120.5888 24.3794 -5.1250 2.2770 -1.9370 3.1840 0.9480 5.6850
1 120.6284 24.4208 -3.4550 1.8630 -2.3410 1.1620 0.6150 1.8030
1 120.1925 22.8740 -3.4390 2.5500 -2.0826 2.7910 1.1040 1.0840
1 120.6801 24.4922 -3.4390 2.5500 -0.2920 2.7910 1.1040 3.0840
1 120.2049 22.8794 NaN NaN -9.1761 NaN NaN 0.6890
1 120.8949 24.6256 -3.5880 3.8470 -2.9910 0.6260 0.2760 1.5760
1 120.8723 24.4276 -6.5490 3.8800 2.1910 1.4080 0.4250 2.2140
1 120.9090 24.2910 -8.9000 5.0610 2.2450 1.9040 0.5220 3.4790
1 120.7487 24.4054 -5.1190 2.6260 -1.0610 3.0370 1.0400 2.6220
1 120.7876 24.2987 -8.1490 3.8790 -0.9860 1.0210 0.3750 1.7330
1 120.7181 24.2606 -6.1370 2.5060 -3.3900 0.7120 0.3730 1.3870
1 120.4559 23.4594 -11.0810 3.3520 0.7890 2.0060 0.7270 4.2840
1 120.3306 23.4554 -5.5920 1.9350 -4.4540 1.2720 0.3520 3.3260
1 120.5559 23.4656 -14.9580 5.2100 2.7540 1.6650 0.6810 5.5490
1 120.2509 23.4108 -4.0680 1.2650 -14.1420 1.1520 0.4170 2.0770
1 120.3068 23.4117 -5.8910 2.2690 -2.5320 1.0360 0.3510 1.8960
1 120.3961 23.4281 -8.4780 2.0330 4.3920 2.7020 0.9830 4.1090
1 120.5119 23.4033 -12.4700 5.2730 -3.5090 2.2170 0.5710 4.6870
1 120.1378 23.3364 -1.6510 1.4470 -28.1930 0.6120 0.2450 2.2490
1 120.1929 23.3406 -3.6960 1.0440 -21.2950 0.9700 0.2290 3.0650
1 120.2457 23.3354 -5.8130 0.7180 -11.7730 0.5930 0.2950 1.6170
1 120.4141 23.3530 -9.2360 0.7970 -6.6260 0.8610 0.6700 3.0500
1 120.4678 23.3843 -12.4210 4.4320 -1.2390 2.1180 0.8480 5.0910
1 120.5079 23.3309 -23.9360 5.9710 2.6990 2.1790 0.6180 4.3360
1 120.1251 23.2650 -1.1900 0.3260 -16.7090 0.8720 0.4110 2.7420
1 120.2008 23.2880 -4.1970 1.2960 -19.4490 1.0830 0.3000 2.4910
1 120.3200 23.3039 -6.5810 2.5890 -3.0340 0.7540 0.7370 3.5030
1 120.2725 23.2502 -7.3000 2.0890 -9.5290 0.6520 0.4990 4.0080
1 120.3722 23.2579 -8.7870 2.8790 1.5610 0.9950 0.5220 2.3440
1 120.4465 23.2660 -18.2190 3.1500 5.1570 2.6270 0.6800 6.7380
1 120.1750 23.2381 -2.7360 1.2640 -7.7113 0.8290 0.3180 0.8000
1 120.1750 23.2380 -2.7360 1.2640 -11.7300 0.8290 0.3180 2.2280
1 120.4372 23.2189 -13.4860 2.3150 -1.1050 1.3460 0.8030 5.7330
1 120.0888 23.1882 -1.7740 -0.0510 -4.3960 1.2050 0.3870 2.0670
1 120.1717 23.1642 -2.9180 0.6070 -5.4580 1.1020 0.5160 1.8730
1 120.2539 23.1868 -6.1440 1.4160 -4.9710 0.8490 0.3670 2.1380
1 120.3420 23.1885 -7.9230 1.0330 2.0000 2.2600 0.8550 7.1560
1 120.4846 23.1830 -29.2480 3.7020 7.4180 1.9540 0.7580 1.2730
1 120.4846 23.1830 -29.2480 3.7020 4.4730 1.9540 0.7580 4.8700
1 120.0984 23.0939 -2.2410 -0.4970 -2.1160 1.0700 0.3760 2.1920
1 120.1389 23.1391 -2.0510 0.0610 -4.2810 1.2350 0.6440 2.9140
1 120.1994 23.1233 -5.2160 -0.3820 -0.0970 0.4170 0.3520 2.7310
1 120.2885 23.1356 NaN NaN 1.2208 NaN NaN 0.1960
1 120.4179 23.1479 -17.9000 4.6630 18.4080 2.0270 0.8390 5.6340
1 120.1264 23.0360 -4.1090 -0.7420 -1.4630 1.1050 0.4150 2.5150
1 120.1601 23.0734 -3.9030 -0.1510 -3.8060 0.9730 0.4310 3.0380
1 120.2371 23.0425 -7.3920 2.8830 2.0360 2.2080 0.8880 4.2530
1 120.3125 23.0352 -16.1130 -1.7670 -2.4427 0.6680 0.4510 0.2320
1 120.3125 23.0352 -16.1130 -1.7670 3.2960 0.6680 0.4510 1.4910
1 120.4804 23.0451 -34.8360 3.2460 2.1720 1.5420 0.7830 6.9310
1 120.1696 22.9604 -9.3590 -1.2450 -6.7070 1.1230 0.4760 2.5370
1 120.3856 22.9871 -22.9650 -4.7050 13.2800 1.0820 0.6900 2.1840
1 120.4671 22.9755 -46.5230 -2.5660 8.4260 1.2650 0.5670 2.5050
1 120.1950 22.8647 -16.2640 -3.0780 -4.3931 1.1750 0.7440 0.2150
1 120.1950 22.8647 -16.2640 -3.0780 -6.0920 1.1750 0.7440 2.9300
1 120.2588 22.8562 -25.8890 -4.9250 1.7970 1.0100 0.5660 2.7730
1 120.2884 22.8012 -27.3550 -4.7000 -2.3320 1.0890 0.5210 2.8170
1 120.2487 22.7334 -37.6030 -19.0510 -0.2910 1.6710 0.3680 2.6130
1 120.9708 24.5431 -5.4980 6.6120 -2.5930 0.8010 0.2350 2.0990
1 120.9997 24.6007 -4.9450 6.4570 -1.6270 0.6740 0.2930 1.6170
1 120.8901 24.4764 -7.0670 5.3260 -0.2770 1.2810 0.3990 2.4640
1 120.7670 24.3442 -6.2740 3.1990 -0.4740 1.2880 0.3900 3.1790
1 121.0300 24.7801 -1.6590 3.8060 -1.7670 0.7510 0.2150 1.7520
1 121.0217 24.7409 -2.8820 4.5000 -1.5400 0.5530 0.1900 1.5570
1 120.9677 24.7332 -2.7780 4.0420 -2.5170 0.6850 0.1780 1.3990
1 120.9897 24.7666 -2.6280 3.8360 -2.6160 0.4580 0.2570 2.1640
1 120.9453 24.7554 -5.3210 2.5870 -2.5100 3.0190 0.8610 1.1060
1 120.7387 24.3082 -6.2020 2.4390 -2.7730 0.9620 0.4430 1.5740
1 120.7509 24.3255 -4.7750 2.1420 1.3130 1.8950 0.7010 4.5010
1 120.7146 24.3084 -4.4300 1.2710 0.9430 2.1040 1.0430 5.0090
1 120.6590 24.2727 -4.4630 1.5920 -0.0170 1.5820 0.6580 2.9570
1 120.6345 24.2760 -3.5840 1.5350 -3.0820 0.9270 0.2360 1.5510
1 120.9346 24.6864 -3.9650 3.5960 -2.4680 0.8650 0.2420 1.2870
1 120.8984 24.6965 -2.9880 3.9490 -5.3340 0.7650 0.7060 2.4860
1 121.0983 24.7127 -3.3880 6.1380 -0.9530 0.3840 0.1930 1.4070
1 121.0874 24.7341 -2.1460 5.8750 -0.8960 0.5640 0.2760 2.0380
1 121.0590 24.6746 -3.0910 6.0490 -1.0930 0.5940 0.2280 1.6580
1 120.9886 24.6863 -2.5230 4.4640 -1.1440 0.5740 0.1570 1.8080
1 121.1835 24.7044 -2.3460 5.7640 -0.7170 0.9260 0.3350 1.6230
1 121.1614 24.7391 -1.4400 5.0100 1.6730 1.9630 0.3170 3.1850
1 121.2249 24.7687 -1.9270 5.0590 -1.9100 0.6370 0.2690 1.6010
1 121.2126 24.8264 -1.0180 4.0520 -3.5610 0.7910 0.1860 2.3410
1 121.2424 24.8410 -1.2110 3.4430 -2.5590 0.5250 0.2640 1.3820
1 121.2227 24.9357 -0.7410 3.3130 -1.8410 0.6060 0.3410 2.1520
1 121.1640 24.9368 -0.6250 3.0980 0.7310 0.5450 0.1420 1.9130
1 121.1419 24.9636 -1.4230 2.5690 -1.5930 0.6150 0.3060 1.7940
1 121.1675 24.8478 -1.4410 4.1100 -2.1370 0.6680 0.2780 1.6870
1 121.1748 24.8833 -1.2260 3.5490 -2.2970 0.5490 0.2100 1.4570
1 121.1375 24.9196 -1.0930 2.6160 -1.0490 0.5650 0.1740 1.6160
1 121.1024 24.9751 -0.9330 2.0580 -2.2610 0.4850 0.1380 0.9890
1 121.0266 24.9747 -1.3640 1.3770 -1.6510 0.5180 0.1920 1.5770
1 121.0849 24.9092 -1.4810 2.7770 -1.6050 0.6660 0.2180 1.3630
1 121.0504 24.8056 -1.7170 3.5460 -4.1680 0.6210 0.3140 2.3790
1 121.0282 24.8661 -1.5110 1.7800 1.6040 0.6550 0.1640 1.6870
1 121.0952 24.8876 -1.1090 2.6480 -0.5920 0.6660 0.2710 1.4020
1 121.0379 24.8995 -0.8390 2.6380 -3.5880 0.5990 0.1470 1.0930
1 121.0205 24.8751 -1.6220 3.6060 2.4880 0.5290 0.2010 1.0220
1 121.0031 24.8390 -1.0860 3.1700 -2.7900 0.4950 0.1550 1.1200
1 121.2517 24.9685 -0.3680 2.2490 1.1240 0.7600 0.3930 2.6870
1 120.9633 24.8618 -1.5750 2.7950 -3.6840 0.5810 0.3070 1.3510
1 120.9820 24.9209 -0.9000 1.8750 -2.7710 0.5690 0.2280 1.6590
1 120.9231 24.8137 -1.6410 2.8680 -3.3140 0.5960 0.1880 1.1140
1 120.9125 24.7655 -2.5700 3.2870 -1.4660 0.8110 0.2090 1.2080
1 120.9527 24.7901 -2.3030 3.6580 -2.7570 0.7930 0.1980 1.8700
1 121.6318 24.6914 7.0530 0.9810 -3.3590 0.2490 0.2660 1.2060
1 121.5255 24.6125 2.7230 7.5190 1.5360 0.6870 0.3450 2.3350
1 121.5294 24.6007 4.8280 8.2660 -10.3900 1.6600 0.6760 5.5490
1 121.6502 24.6670 12.2910 -0.8880 -8.1700 0.3950 0.7730 1.7290
1 121.7160 24.6338 17.5150 -5.1210 -5.5750 0.5750 0.5070 1.8290
1 121.6873 24.6096 19.8270 -1.3140 -1.8390 0.4880 0.2370 1.4230
1 121.6361 24.7534 3.5710 0.3430 -5.4020 0.9020 0.2840 2.0270
1 121.6995 24.7793 4.2090 -0.8050 -3.9100 0.9260 0.3740 1.7730
1 121.7578 24.6742 13.9800 -6.8460 -8.9910 0.3390 0.3830 1.8590
1 121.8362 24.5956 20.9360 -21.3790 -3.9350 0.3550 0.3890 1.6910
1 121.8336 24.5213 17.1380 -21.0240 -9.4870 0.6380 0.3760 1.5230
1 121.8293 24.6643 18.1350 -14.4210 -8.8610 0.4120 0.6490 2.4160
1 121.8001 24.7223 12.5440 -6.6640 -8.5720 0.4850 0.3700 1.5240
1 121.7660 24.7538 7.0850 -3.2840 -9.4590 0.5270 0.3560 0.9500
1 121.7598 24.7868 4.9470 -2.7790 -4.5500 0.5730 0.3260 1.3460
1 121.7694 24.8217 3.3620 -0.2160 -5.1400 0.5100 0.3680 1.4850
1 121.8146 24.7599 10.2070 -3.4120 -12.1350 0.6610 0.2780 1.5990
1 121.8203 24.8248 7.3230 -3.3330 -4.9740 0.9010 0.7940 3.9990
1 121.8281 24.8628 2.6960 -1.0890 -3.7960 0.5330 0.2970 1.9120
1 120.7196 23.9853 -12.1710 5.6730 3.1010 2.7520 0.8320 4.9660
1 120.6054 23.8299 -6.3630 4.2660 -3.9290 2.2160 1.1490 3.9480
1 120.5228 23.9196 -3.7220 2.9760 -22.2820 1.7080 0.5910 4.4450
1 120.6693 23.8508 -7.9140 3.6920 0.4110 2.3620 0.9620 2.6950
1 120.6315 23.8421 -7.2530 2.8300 -2.9860 2.0880 0.8620 4.1920
1 120.6063 23.8522 -5.6330 1.8490 -4.7130 1.5450 0.7080 2.5060
1 120.5573 23.8551 -4.9810 2.0060 -2.7980 1.4050 0.4750 2.2910
1 120.5597 23.8864 -4.2450 2.1750 -5.6610 0.8600 0.3790 1.1930
1 120.7398 23.8861 -14.3790 7.4560 2.0350 3.3150 1.0180 6.4540
1 120.4034 22.7730 NaN NaN -0.8899 NaN NaN 0.3780
1 120.4160 22.8911 NaN NaN 15.7895 NaN NaN 0.9190
1 120.7133 23.8914 -10.1740 3.9200 -3.1550 2.2410 0.8640 3.8850
1 120.6727 23.9288 -6.5260 3.3150 -4.6160 1.7880 0.7280 3.4100
1 120.6389 23.9252 -5.8890 2.9110 -0.1500 2.2060 0.5730 3.4880
1 120.7374 23.7671 -19.9690 7.3080 0.4470 1.5790 0.5180 3.5240
1 120.6668 23.7276 -10.8690 5.1850 -3.4450 2.4100 0.5190 2.9110
1 120.5973 23.7675 -5.4420 2.6480 -5.6970 2.5400 0.6090 3.1400
1 120.5580 22.8821 NaN NaN 2.7662 NaN NaN 1.2500
1 120.5544 22.8643 NaN NaN 0.7963 NaN NaN 0.9870
1 120.8616 21.9935 NaN NaN 0.3626 NaN NaN 0.4000
1 120.4864 23.7906 -3.9190 2.3480 -8.2380 1.0760 0.2840 1.5760
1 120.4814 23.8700 -4.1740 -0.0170 -20.0320 2.1980 0.8060 2.8720
1 120.5825 23.9186 -5.2760 1.8790 -3.8310 1.6610 0.6060 3.4240
1 120.5943 23.8414 -5.9020 2.7740 -2.0100 1.2070 0.5470 2.0760
1 120.5671 23.8160 -4.6410 2.6040 -5.4660 1.4940 0.4090 1.8220
1 120.5089 23.9015 -3.6120 3.7000 -6.3830 1.6910 0.9540 3.4420
1 120.5666 23.6449 -4.9830 5.1140 -1.9800 0.9660 0.4010 2.1310
1 120.6072 23.6121 -15.2020 6.0710 2.2390 1.1250 0.4510 2.6020
1 120.5960 23.5953 -15.2580 6.4130 2.5810 0.5860 0.3520 2.1750
1 120.5747 23.5962 -10.5170 5.2190 -2.1630 0.8820 0.2950 1.8000
1 120.5372 23.6119 -6.1420 4.4370 1.0050 0.8580 0.2800 2.4220
1 120.5199 23.5705 -8.5680 4.6890 2.4140 1.8320 0.5970 6.1410
1 120.5550 23.5583 -11.9490 4.2600 1.5692 1.2710 0.5210 0.2990
1 120.5550 23.5583 -11.9490 4.2600 3.3060 1.2710 0.5210 2.8700
1 120.5204 23.5306 -10.3800 3.7520 -0.8830 0.7080 0.3610 1.9150
1 120.5056 23.5238 -10.9790 4.0080 1.4060 0.9200 0.3350 2.6000
1 120.4724 23.5115 -10.0700 3.5320 1.7460 1.2850 0.4630 3.1290
1 120.4819 23.4839 -10.6180 3.5100 -2.6000 2.0300 0.5270 4.3750
1 120.5585 23.4848 -13.9300 4.4650 0.9100 1.2260 0.4060 2.6490
1 120.4270 23.4957 -8.3460 3.4860 -1.0530 0.3120 0.2260 1.6760
1 120.4833 23.6432 -3.8520 4.0780 -6.1090 0.5020 0.3250 2.6010
1 120.4960 23.6174 -3.8950 4.2840 -0.0660 1.2860 0.3990 2.6000
1 120.4777 23.5902 -5.7470 4.0490 -2.1990 0.8330 0.4050 1.6760
1 120.4813 23.5585 -6.3760 3.4140 -4.4940 0.6290 0.4340 2.6950
1 120.4561 23.5343 -8.3670 4.0710 0.4820 0.6920 0.1970 1.5200
1 120.4220 23.6106 -4.9260 4.4190 -23.5150 0.5930 0.4290 2.6420
1 120.4041 23.6046 -5.9090 4.8370 -30.4740 0.8330 0.4120 3.2620
1 120.4302 23.6412 -4.9140 3.3310 -23.0620 0.5890 0.2990 2.9830
1 120.4220 23.6624 -1.8080 2.4850 -14.4080 0.6210 0.3280 2.2890
1 120.4001 23.6500 -3.1660 1.2630 -40.3460 0.7490 0.3630 3.3100
1 120.4150 23.5772 -4.1860 3.9180 -12.0340 0.6660 0.3450 2.7880
1 120.3055 23.0298 -16.9230 -1.2390 2.4680 0.9710 0.4260 2.0600
1 120.3099 23.0213 NaN NaN 4.1033 NaN NaN 0.4660
1 120.3118 22.9835 NaN NaN 4.4622 NaN NaN 0.4090
1 120.3185 22.9754 NaN NaN 5.0880 NaN NaN 0.4070
1 120.3439 22.9669 NaN NaN 12.9273 NaN NaN 0.9020
1 120.3591 22.9637 -24.0730 -3.7560 14.5454 1.0240 0.5970 0.9400
1 120.3591 22.9637 -24.0730 -3.7560 9.0100 1.0240 0.5970 2.9680
1 120.3695 22.9600 NaN NaN 14.9388 NaN NaN 1.1580
1 120.3935 22.9483 NaN NaN 17.7498 NaN NaN 1.1550
1 120.4152 22.9445 NaN NaN 23.1049 NaN NaN 1.7410
1 120.3338 22.9587 NaN NaN 11.3206 NaN NaN 0.7890
1 120.3228 22.9614 -24.9750 -1.7560 12.2364 1.0880 0.3660 1.4350
1 120.3228 22.9614 -24.9750 -1.7560 5.0080 1.0880 0.3660 1.8960
1 120.3071 22.9643 NaN NaN 8.1813 NaN NaN 0.6710
1 120.2898 22.9712 -21.1240 -0.1380 1.5010 0.5260 0.2860 0.8910
1 120.2548 22.9712 NaN NaN 2.7899 NaN NaN 0.5460
1 120.3059 23.0415 NaN NaN 3.3208 NaN NaN 0.6320
1 120.2945 23.0588 NaN NaN 1.9365 NaN NaN 0.2940
1 120.2963 23.0660 NaN NaN 1.0401 NaN NaN 0.3260
1 120.2959 23.0793 NaN NaN 1.9240 NaN NaN 0.1770
1 120.2950 23.0950 NaN NaN 1.3552 NaN NaN 0.0100
1 120.2981 23.1142 NaN NaN 1.4726 NaN NaN 0.1530
1 120.2942 23.1227 NaN NaN 1.3448 NaN NaN 0.2440
1 120.2991 23.0555 NaN NaN 1.0012 NaN NaN 0.5710
1 120.2879 23.1537 -7.9360 -0.3350 1.3034 0.9340 0.2800 0.1050
1 120.2879 23.1537 -7.9360 -0.3350 1.5000 0.9340 0.2800 2.3140
1 120.4952 23.0759 -32.1900 3.5970 11.4790 2.5510 0.7300 4.3860
1 120.4303 23.0779 -27.0160 2.6920 7.8810 2.6370 0.5650 7.0670
1 120.4458 23.0457 -31.8750 1.5770 6.6240 2.7840 1.0620 6.1610
1 120.3549 23.1006 -11.9180 1.3540 6.6080 1.2450 0.4490 2.2190
1 120.3321 23.1234 -10.0820 0.8470 5.7610 0.5120 0.4260 2.8030
1 120.3644 23.1130 -10.3210 1.9070 7.4620 0.8280 0.3460 2.4080
1 120.3488 23.0688 -10.5880 1.0730 2.8388 0.8750 0.5310 0.5980
1 120.3488 23.0688 -10.5880 1.0730 8.9300 0.8750 0.5310 2.9380
1 120.3202 23.0874 -10.0140 0.4040 5.3650 1.3260 0.3390 2.5900
1 120.3494 23.0250 -18.5830 -3.8390 6.3600 0.7180 0.4460 2.2750
1 120.3330 22.9401 -25.5090 -4.4030 6.6400 1.4700 0.4980 3.2940
1 120.2992 22.8946 -26.7350 -3.7770 3.1550 0.8810 0.3280 3.4380
1 120.2764 22.9374 -23.1130 0.1880 6.1100 0.8500 0.4660 1.8970
1 120.1996 22.9784 -12.8830 0.4790 2.1680 1.2950 0.4390 2.0440
1 120.2480 22.9570 -18.2320 -0.4260 3.3740 0.6750 0.4370 2.0310
1 120.2596 22.9897 -17.9390 0.4570 0.7890 1.1200 0.3250 1.7390
1 120.2390 22.9812 -12.8620 -0.5610 4.4040 0.8470 0.3360 2.8990
1 120.2806 23.1022 -5.6940 0.2120 2.8760 1.4040 0.5220 2.4440
1 120.2734 23.1181 -8.5220 -0.6630 3.4030 1.5880 0.5060 2.1940
1 120.2460 23.1238 -5.8750 0.4600 0.2540 1.0390 0.3700 4.2340
1 120.2258 23.0986 -5.5480 0.0610 -0.2090 1.3480 0.4180 2.4530
1 120.1592 23.1022 -4.2130 -0.3330 -2.1310 1.0410 0.4060 2.4230
1 120.1656 23.1255 -3.2370 -0.0510 -4.1450 0.9610 0.3550 1.8140
1 120.1969 23.0647 -5.3900 -0.0340 -0.6260 0.8870 0.3860 2.5060
1 120.1929 23.0400 -4.8000 0.3990 -4.1990 0.8270 0.3190 2.1620
1 120.1749 23.0480 -4.6030 0.4230 -0.5100 0.5610 0.4830 2.3420
1 120.3140 22.9625 NaN NaN 7.0636 NaN NaN 0.2660
1 120.3140 22.9625 NaN NaN 9.7448 NaN NaN 0.8860
1 121.1221 24.6615 -4.5820 5.3850 -0.8550 0.5020 0.3580 1.1400
1 121.0983 24.7067 -3.4250 6.2490 -1.1910 0.7330 0.2580 1.4080
1 121.0917 24.7613 -1.7760 5.3380 -3.3790 0.6300 0.1870 2.2220
1 120.4034 23.3158 -8.9440 3.2670 -5.2710 1.1400 0.3480 2.0580
1 120.2188 22.9889 NaN NaN 5.4053 NaN NaN 0.5320
1 120.3249 23.1381 -8.9710 0.7630 3.6990 0.8200 0.2570 2.3320
1 120.3864 23.2944 -6.5680 3.0420 -2.2360 2.3800 0.8280 5.7950
1 120.5330 22.8302 -56.1570 -1.8510 -2.4790 0.9780 0.4690 2.0660
1 120.2687 23.0332 -12.9300 0.5610 0.5100 1.0290 0.3190 1.9340
1 120.2847 23.0460 -11.5030 -0.4150 3.9050 1.6000 0.8400 2.3780
1 120.4003 23.2221 -14.5790 2.7180 7.7320 1.4660 0.7930 5.9150
1 120.3844 23.1432 -10.9250 2.9070 7.9090 0.8050 0.2730 3.1360
1 120.2369 22.9631 -15.1000 -0.5610 1.3210 2.7030 0.8500 4.6490
1 120.3275 23.1712 -7.9970 1.5370 1.3610 1.0500 0.5590 3.8090
1 120.3491 23.2261 -7.4000 1.1230 -3.6700 1.6140 0.7630 6.9830
1 120.3617 23.1196 -10.2760 1.6150 6.2710 0.8440 0.6470 3.2380
1 120.1813 22.9132 -13.5270 -2.6440 -3.2600 2.0510 0.6320 3.6580
1 120.2137 22.9078 -16.0810 -4.4480 -1.3610 0.9900 0.5580 2.4510
1 120.2669 22.8801 NaN NaN 8.0798 NaN NaN 0.6210
1 120.2863 22.8791 NaN NaN 6.5175 NaN NaN 0.5800
1 120.2910 22.8787 NaN NaN 6.0724 NaN NaN 0.7400
1 120.3157 22.8796 NaN NaN 1.5961 NaN NaN 1.5330
1 120.3410 22.8817 NaN NaN 5.3841 NaN NaN 0.6190
1 120.3474 22.8798 NaN NaN 7.8409 NaN NaN 0.4730
1 120.3581 22.8738 NaN NaN 10.7019 NaN NaN 0.8600
1 120.3788 22.8777 -35.5450 -9.1810 10.7188 1.2200 0.6860 0.6940
1 120.3788 22.8777 -35.5450 -9.1810 10.2910 1.2200 0.6860 4.7310
1 120.3738 22.8795 NaN NaN 10.0637 NaN NaN 0.6130
1 120.3883 22.8841 NaN NaN 14.2838 NaN NaN 0.0100
1 120.3971 22.8893 NaN NaN 21.3160 NaN NaN 0.5830
1 120.4018 22.8935 NaN NaN 21.1280 NaN NaN 0.6020
1 120.4122 22.8913 NaN NaN 11.1314 NaN NaN 0.5110
1 120.4278 22.8848 NaN NaN 9.8660 NaN NaN 0.6750
1 120.4349 22.8862 NaN NaN 5.5794 NaN NaN 0.6590
1 120.4474 22.8869 NaN NaN 4.9132 NaN NaN 1.0180
1 120.4590 22.8884 NaN NaN 9.5832 NaN NaN 1.3830
1 120.4922 22.8821 -54.1420 -3.9950 -1.3321 1.2150 0.5920 2.9820
1 120.4922 22.8821 -54.1420 -3.9950 -2.7750 1.2150 0.5920 1.8110
1 120.4987 22.8839 NaN NaN -3.4402 NaN NaN 3.1930
1 120.5048 22.8848 NaN NaN -4.0378 NaN NaN 1.3690
1 120.5104 22.8856 NaN NaN -2.2944 NaN NaN 1.2830
1 120.5200 22.8842 -56.0280 -3.2170 -1.1411 1.0500 0.4410 1.2270
1 120.5200 22.8842 -56.0280 -3.2170 -0.5250 1.0500 0.4410 1.5270
1 120.5415 22.8839 NaN NaN 0.5735 NaN NaN 1.2510
1 120.5669 22.8800 NaN NaN 3.1276 NaN NaN 1.2240
1 120.5760 22.8694 NaN NaN 1.5670 NaN NaN 1.1790
1 120.5851 22.8707 NaN NaN 2.5753 NaN NaN 1.1890
1 120.5390 22.8823 NaN NaN -0.6035 NaN NaN 0.6800
1 120.5431 22.8773 NaN NaN -0.7588 NaN NaN 0.6710
1 120.5487 22.8712 NaN NaN -0.0894 NaN NaN 0.9710
1 120.5567 22.8645 -56.8490 -2.0600 1.7764 0.8630 0.4610 0.9890
1 120.5567 22.8645 -56.8490 -2.0600 -1.0800 0.8630 0.4610 1.4210
1 120.5911 22.8264 NaN NaN 0.9646 NaN NaN 1.4630
1 120.6047 22.8367 NaN NaN 1.9964 NaN NaN 1.4880
1 120.6064 22.8420 NaN NaN -0.6123 NaN NaN 1.5250
1 120.6325 22.8711 NaN NaN 4.2096 NaN NaN 1.3750
1 120.6389 22.8759 NaN NaN 5.4774 NaN NaN 1.4020
1 120.3071 22.8074 NaN NaN -15.0576 NaN NaN 1.3340
1 120.3150 22.8075 NaN NaN -13.8668 NaN NaN 1.9680
1 120.3305 22.8060 NaN NaN -4.2472 NaN NaN 0.4880
1 120.3609 22.7966 NaN NaN -1.3930 NaN NaN 0.9840
1 120.3676 22.7605 NaN NaN 3.0804 NaN NaN 1.8960
1 120.3796 22.7684 NaN NaN -4.9281 NaN NaN 0.5830
1 120.4053 22.7775 -55.1760 -8.3310 -11.2554 1.1110 0.9240 2.9620
1 120.4053 22.7775 -55.1760 -8.3310 -0.0720 1.1110 0.9240 2.5200
1 120.4104 22.7816 NaN NaN -1.2959 NaN NaN 0.2550
1 120.4187 22.7810 NaN NaN -1.2491 NaN NaN 0.4530
1 120.4242 22.7806 NaN NaN -1.8064 NaN NaN 0.0100
1 120.4292 22.7768 NaN NaN -1.8585 NaN NaN 0.2070
1 120.4348 22.7738 NaN NaN -1.6627 NaN NaN 0.6380
1 120.4428 22.7723 NaN NaN -6.1913 NaN NaN 0.6490
1 120.4494 22.7760 -55.4750 -6.8850 -1.1737 2.5660 0.9790 0.7300
1 120.4494 22.7760 -55.4750 -6.8850 -2.1010 2.5660 0.9790 4.1590
1 120.4813 22.7678 NaN NaN -3.6242 NaN NaN 1.2030
1 120.5121 22.7770 NaN NaN -1.5967 NaN NaN 1.5500
1 120.5244 22.7777 -54.1840 -1.5050 -2.8091 1.2370 0.5380 1.8940
1 120.5244 22.7777 -54.1840 -1.5050 -3.2710 1.2370 0.5380 2.6490
1 120.5296 22.7793 NaN NaN -3.2226 NaN NaN 2.1530
1 120.5460 22.7791 NaN NaN -3.8670 NaN NaN 2.7260
1 120.5603 22.7855 -55.7960 -0.8700 -2.5528 0.8460 0.4340 2.4160
1 120.5603 22.7855 -55.7960 -0.8700 -1.9890 0.8460 0.4340 2.8020
1 120.5903 22.7862 NaN NaN -2.6384 NaN NaN 2.1620
1 120.6149 22.7878 -56.2390 0.5510 -2.3347 1.4690 0.4690 1.9810
1 120.6149 22.7878 -56.2390 0.5510 -2.2630 1.4690 0.4690 3.5640
1 120.6223 22.7875 NaN NaN -1.4322 NaN NaN 3.6090
1 120.6263 22.7818 NaN NaN 0.2451 NaN NaN 1.6200
1 120.6295 22.7760 NaN NaN 3.8051 NaN NaN 1.5130
1 120.6354 22.7747 NaN NaN 4.3804 NaN NaN 1.6750
1 120.6430 22.7709 NaN NaN 3.8158 NaN NaN 2.1820
1 120.6448 22.7662 -58.0550 2.5140 3.9168 0.7340 0.5210 1.6370
1 120.6448 22.7661 -58.0550 2.5140 -0.7530 0.7340 0.5210 3.0870
1 120.2794 22.8370 -27.5020 -4.6880 1.7440 0.9100 0.4990 2.7340
1 120.3237 22.8493 -32.2500 -4.9610 -0.9410 0.8730 0.4240 2.5580
1 120.5555 23.0488 -50.0980 -0.5080 17.1080 1.7270 0.8160 2.8190
1 120.5618 23.0225 -50.7540 -0.7930 13.8530 1.8820 0.7440 2.9230
1 120.5604 22.9897 -52.8820 -2.3630 11.8840 1.8260 0.7960 3.7940
1 120.4828 22.8997 -50.5610 -6.9700 7.1760 1.3550 0.7490 3.4180
1 120.5193 22.8984 -56.6670 -4.1650 -0.8280 1.2860 0.6560 1.9730
1 120.4055 22.8374 -39.7570 -10.1410 11.6060 1.7600 0.7320 2.2160
1 120.5059 22.8200 -54.9720 -1.8880 -1.6530 1.0430 0.5250 2.2730
1 120.3562 22.7295 -55.3380 -10.4520 3.4000 0.9860 0.4380 1.6950
1 120.7654 23.1603 -39.4020 4.5670 8.8910 0.9480 1.0810 4.8640
1 120.6729 23.0734 -47.1220 2.7480 14.5660 2.0060 0.6840 3.0650
1 120.6349 22.8645 -57.5400 -0.2290 3.5170 1.8850 0.5300 4.3510
1 120.6108 22.7260 -56.2950 1.4790 -1.1530 0.7920 0.4080 2.5910
1 120.7317 22.7451 -56.6260 3.4900 6.0910 1.7970 0.7400 2.5880
1 120.7582 22.7279 -59.0840 -5.2330 -11.3990 1.0340 1.1520 3.5680
1 120.6458 22.7064 -58.2760 2.7930 0.2270 1.2470 0.6700 3.3840
1 120.6017 22.6666 -55.2250 0.5430 -0.6590 1.5880 0.7090 2.3080
1 120.6305 22.6534 -58.1530 2.4100 -0.0290 2.3100 0.4620 3.0130
1 120.6379 22.6267 -57.6740 1.9100 4.9770 2.6900 0.5780 3.4130
1 120.6122 22.5497 -55.2850 2.0540 -0.3720 1.2090 0.5830 3.0890
1 120.6270 22.5280 -56.6340 2.6810 1.9410 1.3960 0.5280 3.1140
1 120.6427 22.4357 -55.6730 2.4200 3.8500 1.2910 0.3580 2.2830
1 120.6283 22.4279 -56.0370 2.0940 3.5990 1.3600 0.3990 3.2540
1 120.6024 22.3864 -56.8710 0.9040 -8.9450 0.9780 0.4130 2.5450
1 120.6008 22.3634 -55.4890 1.4280 -4.4800 0.9290 0.4720 1.5890
1 120.6257 22.3606 -58.1350 0.6750 2.0900 1.6360 0.6330 3.3330
1 120.7625 21.9613 NaN NaN -2.8161 NaN NaN 0.2710
1 120.7672 21.9584 NaN NaN -0.3191 NaN NaN 0.1620
1 120.7702 21.9551 NaN NaN -2.4270 NaN NaN 0.9590
1 120.7724 21.9523 NaN NaN -0.6204 NaN NaN 0.1610
1 120.7768 21.9508 NaN NaN 0.6782 NaN NaN 0.2030
1 120.7902 21.9462 NaN NaN 4.6098 NaN NaN 0.1560
1 120.7941 21.9458 NaN NaN 4.1271 NaN NaN 0.1950
1 120.8013 21.9428 -49.4300 9.3590 3.2240 2.1280 1.9750 0.1780
1 120.8013 21.9428 -49.4300 9.3590 7.0360 2.1280 1.9750 3.0810
1 120.8065 21.9412 NaN NaN 0.1497 NaN NaN 0.2270
1 120.8092 21.9371 NaN NaN 2.1648 NaN NaN 0.4230
1 120.8172 21.9360 NaN NaN 2.9577 NaN NaN 0.4950
1 120.8249 21.9316 NaN NaN 2.8948 NaN NaN 0.3420
1 120.8286 21.9286 NaN NaN 2.7759 NaN NaN 0.3730
1 120.8354 21.9208 NaN NaN 1.3387 NaN NaN 0.5300
1 120.8380 21.9171 NaN NaN 2.6776 NaN NaN 0.4800
1 120.8476 21.9139 NaN NaN 2.0953 NaN NaN 0.5570
1 120.8486 21.9131 -46.4320 16.7080 2.0283 2.2080 1.9980 0.5570
1 120.8486 21.9131 -46.4320 16.7080 2.6190 2.2080 1.9980 3.1310
1 120.8489 21.9076 NaN NaN 2.2288 NaN NaN 0.4960
1 120.7557 21.9700 NaN NaN -0.0973 NaN NaN 0.1460
1 120.7505 21.9694 NaN NaN -1.3051 NaN NaN 0.6200
1 120.7452 21.9676 NaN NaN -0.4470 NaN NaN 0.4100
1 120.7406 21.9651 NaN NaN 0.9603 NaN NaN 0.4450
1 120.7322 21.9550 NaN NaN 1.9433 NaN NaN 0.1380
1 120.7270 21.9531 NaN NaN 2.5086 NaN NaN 0.1230
1 120.7180 22.0025 NaN NaN -0.0970 NaN NaN 0.1260
1 120.7289 22.0074 NaN NaN -0.3972 NaN NaN 0.1540
1 120.7293 22.0043 NaN NaN -0.1101 NaN NaN 0.3300
1 120.7398 22.0059 NaN NaN -2.7799 NaN NaN 0.1770
1 120.7474 22.0064 -56.9720 1.2930 -0.9635 2.4060 2.0010 0.4820
1 120.7474 22.0074 -56.9720 1.2930 2.4020 2.4060 2.0010 3.0430
1 120.7473 22.0034 NaN NaN -2.8230 NaN NaN 0.3210
1 120.7570 22.0029 NaN NaN 3.8876 NaN NaN 0.2120
1 120.7608 22.0029 NaN NaN -1.1786 NaN NaN 0.4450
1 120.7648 22.0043 NaN NaN -2.2082 NaN NaN 0.4710
1 120.7683 22.0076 NaN NaN 2.8874 NaN NaN 0.2520
1 120.7757 22.0080 NaN NaN 1.6215 NaN NaN 0.8220
1 120.7785 22.0091 NaN NaN 1.4771 NaN NaN 0.8560
1 120.7856 22.0090 NaN NaN 3.3350 NaN NaN 0.1960
1 120.7905 22.0049 NaN NaN 2.4241 NaN NaN 0.4980
1 120.7952 22.0062 NaN NaN 1.1175 NaN NaN 0.0100
1 120.8042 22.0017 NaN NaN 1.6944 NaN NaN 0.1960
1 120.8107 21.9980 NaN NaN -0.5706 NaN NaN 0.5880
1 120.8189 21.9918 NaN NaN 0.4608 NaN NaN 0.2880
1 120.8214 21.9891 NaN NaN 1.0856 NaN NaN 0.2510
1 120.8219 21.9889 NaN NaN -0.5489 NaN NaN 0.2950
1 120.8417 21.9891 NaN NaN 0.9123 NaN NaN 0.3390
1 120.8464 21.9888 -44.6110 14.5770 0.2647 1.7970 1.2410 0.3300
1 120.8464 21.9889 -44.6110 14.5770 -13.2120 1.7970 1.2410 1.9690
1 120.8553 21.9906 NaN NaN 0.2144 NaN NaN 0.3710
1 120.6529 22.2664 -55.3690 3.4220 -3.6860 2.4030 2.0300 3.0740
1 120.7145 22.2778 -53.9090 7.2240 -10.6600 2.6220 2.2000 3.5780
1 120.6928 22.1903 -45.8710 3.7080 -7.7340 2.2470 1.9780 2.9710
1 120.7517 22.2039 -51.7500 7.1160 1.6890 2.3710 1.9680 2.9900
1 120.8762 22.2936 -44.1910 16.8590 -9.5990 0.4540 0.7270 6.3730
1 120.7159 22.0743 -55.4940 0.3540 -2.6370 1.8090 1.6480 2.6060
1 120.7489 22.0955 -49.8210 5.2030 10.6700 2.4260 1.9500 3.0890
1 120.7730 22.1256 -52.0110 9.9610 2.3760 2.5000 2.0690 3.2420
1 120.8379 22.1759 -51.2910 14.3040 -3.3810 2.3020 1.9350 2.9840
1 120.8782 22.1891 -46.9480 17.9760 0.3230 2.2740 2.0000 3.0140
1 120.7117 22.0560 -55.1160 -0.3140 -1.1550 2.4680 2.0050 3.2310
1 120.7270 22.0557 -54.2950 1.3320 -4.4100 2.4330 1.9840 3.1240
1 120.7636 22.0709 -56.4750 9.5220 -10.3430 2.8460 2.2780 3.8080
1 120.7205 22.0227 -48.9950 5.5140 -15.4430 2.3740 2.0570 3.2200
1 120.7152 21.9839 -54.2550 0.6970 5.2750 2.5670 2.0610 3.4320
1 120.7599 21.9920 -59.5530 5.2240 -6.4730 2.1530 1.9760 3.0700
1 120.7352 21.9695 -56.6340 -0.5380 7.6740 2.1010 1.9040 2.9460
1 120.7318 21.9412 -54.8710 0.4260 0.7040 1.9040 1.7110 2.8560
1 120.8175 21.9909 -48.5940 11.9150 1.5618 2.2820 1.8950 0.1990
1 120.8175 22.0052 -48.5940 11.9150 0.0090 2.2820 1.8950 2.9120
1 120.8380 22.0195 -43.1160 13.9010 1.0320 2.2790 1.9480 2.9520
1 120.8287 22.0748 -46.4820 14.4010 -12.8520 2.7280 2.1850 3.3810
1 120.8467 22.1253 -42.6640 19.4870 -9.3930 2.2970 1.9920 3.0380
1 120.8739 22.1109 -40.1590 13.2720 3.5810 3.1420 2.7260 4.1370
1 120.5438 22.9767 -51.7100 -2.8190 7.4950 1.6940 0.5900 3.4290
1 120.1651 23.5788 NaN NaN -10.8699 NaN NaN 0.2610
1 120.1745 23.5827 NaN NaN -9.6062 NaN NaN 0.2890
1 120.1859 23.5818 NaN NaN -10.4517 NaN NaN 0.3100
1 120.2004 23.5759 NaN NaN -16.3482 NaN NaN 0.4170
1 120.2129 23.5739 NaN NaN -17.6212 NaN NaN 0.4450
1 120.2262 23.5728 NaN NaN -20.0840 NaN NaN 0.4590
1 120.2358 23.5724 NaN NaN -22.5450 NaN NaN 0.6110
1 120.2469 23.5742 -1.1870 2.3270 -21.0528 0.6300 0.3050 0.4800
1 120.2469 23.5742 -1.1870 2.3270 -25.2020 0.6300 0.3050 3.0930
1 120.2552 23.5708 NaN NaN -20.5826 NaN NaN 0.4470
1 120.2684 23.5687 NaN NaN -22.8337 NaN NaN 0.4460
1 120.2803 23.5676 NaN NaN -18.1512 NaN NaN 0.5420
1 120.2912 23.5667 NaN NaN -17.5880 NaN NaN 0.4360
1 120.3156 23.5610 NaN NaN -16.1419 NaN NaN 0.6130
1 120.3269 23.5591 NaN NaN -11.9651 NaN NaN 0.7570
1 120.3501 23.5536 NaN NaN -7.6282 NaN NaN 0.4040
1 120.3553 23.5559 NaN NaN -8.2632 NaN NaN 0.4290
1 120.3631 23.5553 NaN NaN -7.5037 NaN NaN 0.2530
1 120.3873 23.5576 NaN NaN -5.5977 NaN NaN 0.3910
1 120.3976 23.5585 NaN NaN -6.3503 NaN NaN 0.3670
1 120.4072 23.5590 NaN NaN -6.0520 NaN NaN 0.3340
1 120.4293 23.5542 -5.5270 4.3990 -2.9134 0.6080 0.3490 0.3530
1 120.4293 23.5542 -5.5270 4.3990 -4.4670 0.6080 0.3490 2.3900
1 120.4452 23.5602 NaN NaN -1.8903 NaN NaN 0.3820
1 120.4574 23.5609 NaN NaN -0.0051 NaN NaN 0.3650
1 120.4666 23.5606 NaN NaN -0.5178 NaN NaN 0.2800
1 120.4710 23.5584 NaN NaN 1.8075 NaN NaN 0.3250
1 120.4828 23.5607 NaN NaN -2.7999 NaN NaN 0.3200
1 120.4869 23.5601 NaN NaN 0.0004 NaN NaN 0.3020
1 120.4898 23.5623 NaN NaN -0.6239 NaN NaN 0.2990
1 120.4958 23.5623 NaN NaN 0.6255 NaN NaN 0.2930
1 120.5053 23.5565 NaN NaN 1.4299 NaN NaN 0.3060
1 120.5106 23.5564 NaN NaN 1.5509 NaN NaN 0.3180
1 120.5152 23.5542 NaN NaN 1.5917 NaN NaN 0.3230
1 120.5235 23.5534 NaN NaN 1.9741 NaN NaN 0.2970
1 120.5326 23.5521 NaN NaN 2.4857 NaN NaN 0.3350
1 120.5470 23.5528 NaN NaN 1.9903 NaN NaN 0.2820
1 120.5572 23.5670 NaN NaN 2.7750 NaN NaN 0.3000
1 120.5718 23.5671 NaN NaN 1.0671 NaN NaN 0.2490
1 120.5740 23.5660 NaN NaN 0.9814 NaN NaN 0.2220
1 120.5752 23.5637 NaN NaN 1.2413 NaN NaN 0.2170
1 120.5726 23.5626 NaN NaN 1.1231 NaN NaN 0.1820
1 120.5780 23.5592 NaN NaN 1.1589 NaN NaN 0.2090
1 120.5802 23.5597 NaN NaN 1.4953 NaN NaN 0.1270
1 120.5826 23.5601 NaN NaN 1.4900 NaN NaN 0.1420
1 120.5850 23.5598 NaN NaN 1.8978 NaN NaN 0.1150
1 120.5855 23.5594 NaN NaN 10.6966 NaN NaN 3.8490
1 120.5854 23.5582 NaN NaN 1.6211 NaN NaN 0.0590
1 120.5894 23.5615 NaN NaN 1.7710 NaN NaN 0.0100
1 120.5885 23.5629 NaN NaN 1.3138 NaN NaN 0.0480
1 120.5916 23.5641 NaN NaN 1.8161 NaN NaN 0.0680
1 120.5905 23.5628 NaN NaN 1.5744 NaN NaN 0.0620
1 120.5910 23.5621 NaN NaN 1.5574 NaN NaN 0.2430
1 120.5926 23.5621 NaN NaN 2.0458 NaN NaN 0.1140
1 120.5948 23.5630 NaN NaN 1.6767 NaN NaN 0.1480
1 120.6063 23.5613 NaN NaN 0.2139 NaN NaN 0.3350
1 120.6060 23.5612 -17.6950 5.9270 2.4890 0.6920 0.3230 0.2750
1 120.6060 23.5612 -17.6950 5.9270 3.7950 0.6920 0.3230 2.4720
1 120.6117 23.5622 NaN NaN 2.3122 NaN NaN 0.2240
1 120.6222 23.5633 NaN NaN 3.6227 NaN NaN 0.3310
1 120.6321 23.5665 NaN NaN 2.7513 NaN NaN 0.3790
1 120.6407 23.5715 NaN NaN 4.5820 NaN NaN 0.2830
1 120.6400 23.5701 NaN NaN 3.6525 NaN NaN 0.2860
1 120.6413 23.5688 NaN NaN 4.2824 NaN NaN 0.2810
1 120.6429 23.5680 NaN NaN 4.8595 NaN NaN 0.2810
1 120.6421 23.5646 NaN NaN 4.4664 NaN NaN 0.2960
1 120.6462 23.5661 NaN NaN 3.7318 NaN NaN 0.3360
1 120.6468 23.5643 NaN NaN 4.6820 NaN NaN 0.3150
1 120.6534 23.5604 NaN NaN 4.7036 NaN NaN 0.3330
1 120.6536 23.5613 NaN NaN -0.0921 NaN NaN 0.4020
1 120.6564 23.5599 NaN NaN 5.2995 NaN NaN 0.3700
1 120.6654 23.5585 NaN NaN 5.6069 NaN NaN 0.5220
1 120.6686 23.5560 -22.0060 3.3720 2.6771 1.9680 0.9050 0.3320
1 120.6686 23.5560 -22.0060 3.3720 2.7560 1.9680 0.9050 4.3390
1 120.1096 23.2388 -0.3100 0.5920 -5.2999 0.8490 0.2960 0.4350
1 120.1096 23.2388 -0.3100 0.5920 -10.5220 0.8490 0.2960 2.0810
1 120.1175 23.2393 NaN NaN -6.3084 NaN NaN 0.9250
1 120.1259 23.2414 -1.0250 0.4800 -6.8922 1.1130 0.4740 1.0960
1 120.1259 23.2414 -1.0250 0.4800 -13.3220 1.1130 0.4740 1.9730
1 120.1378 23.2423 NaN NaN -6.3948 NaN NaN 1.2510
1 120.1483 23.2434 NaN NaN -7.1752 NaN NaN 1.5140
1 120.1971 23.2369 NaN NaN -5.7007 NaN NaN 0.9780
1 120.2150 23.2382 NaN NaN -7.6245 NaN NaN 1.0690
1 120.2326 23.2339 NaN NaN -6.6594 NaN NaN 1.0540
1 120.2513 23.2333 NaN NaN -6.3905 NaN NaN 0.8580
1 120.2914 23.2502 NaN NaN -1.7524 NaN NaN 0.8030
1 120.3205 23.2418 NaN NaN 2.5998 NaN NaN 0.5650
1 120.3285 23.2361 NaN NaN 3.7343 NaN NaN 0.6550
1 120.3381 23.2339 NaN NaN 3.7890 NaN NaN 0.6070
1 120.3589 23.2350 -8.2110 3.0030 2.1335 1.2380 0.4410 0.5380
1 120.3590 23.2349 -8.2110 3.0030 0.1760 1.2380 0.4410 3.2320
1 120.3658 23.2363 NaN NaN 4.1772 NaN NaN 0.6170
1 120.3714 23.2366 NaN NaN 3.9290 NaN NaN 0.8060
1 120.3786 23.2370 NaN NaN 6.9160 NaN NaN 0.6090
1 120.3815 23.2355 NaN NaN 8.8460 NaN NaN 0.5560
1 120.4041 23.2340 NaN NaN 11.9135 NaN NaN 0.5990
1 120.4167 23.2369 NaN NaN 9.9800 NaN NaN 0.4150
1 120.4292 23.2422 NaN NaN 8.8514 NaN NaN 7.6870
1 120.4411 23.2364 NaN NaN 4.9214 NaN NaN 0.3530
1 120.4522 23.2382 NaN NaN 7.8902 NaN NaN 3.4590
1 120.4569 23.2369 NaN NaN -51.6254 NaN NaN 2.4620
1 120.4699 23.2390 NaN NaN 9.5786 NaN NaN 1.1400
1 120.4704 23.2370 NaN NaN 9.2353 NaN NaN 1.1790
1 120.4726 23.2294 NaN NaN 7.5449 NaN NaN 0.8630
1 120.4647 23.2165 NaN NaN 7.1069 NaN NaN 1.3050
1 120.4666 23.1919 NaN NaN 14.7428 NaN NaN 0.2490
1 120.4812 23.1916 NaN NaN 6.9236 NaN NaN 1.2150
1 120.2044 23.0062 -12.1150 1.5870 2.5640 1.1090 0.3180 1.9170
1 120.4671 23.2803 -18.6870 3.6090 0.1220 2.0980 0.8410 6.0050
1 120.2218 22.9611 -13.3080 -0.6360 4.4780 0.6960 0.4000 2.1110
1 120.3708 23.1931 -11.0260 1.3970 3.1720 2.1410 0.8710 6.8040
1 120.4590 23.3093 -14.9570 7.2020 9.0550 1.6900 0.5550 5.6260
1 120.4756 23.4322 -11.7270 4.0300 1.4910 1.0390 0.3890 2.3000
1 120.4979 23.4024 -21.8720 5.4760 9.7860 8.4400 1.8000 9.8050
1 120.4973 23.3705 -13.7490 6.6510 3.4840 2.2890 0.6420 5.3600
1 120.4449 23.3779 -9.6500 3.6370 -1.2470 1.6560 0.4360 2.6340
1 120.5486 23.4126 -14.7010 5.3560 4.1210 3.0360 0.7650 5.6660
1 120.4736 23.3437 -13.5780 6.7400 6.3870 0.9920 0.3860 1.9680
1 120.5742 23.3984 -17.7470 7.3460 11.4890 1.3980 0.3610 3.8490
1 120.5572 23.4273 -14.5650 5.2720 4.2020 1.1380 0.3740 3.3990
1 120.5725 23.4374 -15.4130 4.9430 1.3950 1.0920 0.3720 3.4880
1 120.5046 23.4904 -11.7040 2.7940 -1.3530 1.1600 0.3500 2.6080
1 120.6684 23.3833 -27.2000 4.6240 5.9460 1.2280 0.3560 5.3710
1 120.6976 23.5021 -23.0890 7.7670 1.9340 1.4130 0.9580 8.0670
1 120.7204 23.5329 -23.8370 3.9340 10.0690 3.3370 0.9600 10.1490
1 120.7244 23.5560 -22.2050 3.9550 0.7480 0.7840 0.6800 3.3940
1 120.6249 23.5015 -17.8900 4.7200 3.8460 1.6170 0.5620 4.1100
1 120.6601 23.5044 -20.1840 5.9140 1.8090 1.6870 0.5040 3.0490
1 120.6271 23.5827 -19.3270 5.9540 1.7010 0.9730 0.4720 2.5010
1 120.6567 23.6462 -13.4280 8.4490 2.3560 1.3260 0.4540 4.1480
1 120.6662 23.6642 -13.5540 7.1140 0.5290 0.9910 0.4010 2.8220
1 120.5237 23.5954 -6.8680 6.3860 2.7180 0.8440 0.4940 1.7560
1 120.4615 23.4096 -13.1940 5.1820 -1.0600 3.4180 0.7720 5.9330
1 120.3158 23.0761 -9.7160 -0.1510 11.3960 1.6670 0.4370 2.8000
1 120.3199 23.0504 -14.1060 -2.0310 -1.2155 0.5790 0.4250 0.1850
1 120.3199 23.0504 -14.1060 -2.0310 3.8880 0.5790 0.4250 2.1020
1 120.4962 23.2195 -24.8240 -0.1950 10.3620 1.4140 1.0690 3.3620
1 120.5372 23.2506 -27.9450 8.8600 3.2130 0.6800 0.8610 3.7220
1 120.6157 24.3508 -3.9330 1.3000 -3.6150 1.2350 0.7280 3.2380
1 120.6527 24.3336 -3.8240 1.7750 -1.8260 1.0230 0.4290 2.0710
1 120.7905 24.3096 -6.4350 3.4780 2.2960 2.2900 0.6760 5.5030
1 120.5540 24.1879 -4.2100 2.1570 -4.9910 0.9880 0.3340 1.7890
1 120.7202 24.1317 -7.5340 3.6510 -4.4070 1.2840 0.3340 2.2650
1 120.7659 24.1095 -9.6610 5.1560 -2.7980 1.5200 0.3880 2.7980
1 120.8254 24.0276 -16.1860 9.3080 -2.3920 1.2670 0.4930 2.5080
1 120.9694 24.0636 -21.7500 11.3420 1.5140 1.7970 0.7490 4.5280
1 120.8692 23.9499 -21.5950 12.4220 6.0370 2.0240 0.9550 4.1430
1 120.9572 24.0119 -24.2710 10.4040 3.9730 1.8210 0.6470 3.2700
1 120.8183 23.8830 -21.8850 9.2200 8.4550 3.5290 0.9140 7.9480
1 120.8710 23.8841 -24.0960 10.5200 6.2300 7.2880 1.7060 11.8570
1 120.9349 23.8482 -29.8260 12.1350 2.3080 3.2920 0.8830 4.9240
1 120.8556 23.7376 -31.0090 8.2340 8.7750 1.8050 0.6570 3.1050
1 121.6040 23.9254 -41.5420 24.0950 -7.1000 0.7410 0.6860 1.0760
1 121.5955 23.9252 -40.5450 26.1990 -8.0800 1.1040 0.5850 1.8000
1 121.5353 23.9450 -39.3850 21.4100 -5.5490 1.2580 0.3680 1.9870
1 121.5194 23.5983 -64.4850 53.3340 -14.8300 1.1630 0.2890 2.4590
1 121.4597 23.6557 -53.9600 34.8330 -12.7680 1.7740 0.7180 4.6340
1 121.4371 23.6616 -52.5940 32.9270 -10.1630 1.1070 0.3440 2.0520
1 121.4326 23.6623 -53.1940 32.7930 -8.6010 1.6590 0.6280 3.2180
1 121.4954 23.4621 -64.5850 55.5560 -9.6640 1.0910 0.4940 1.2940
1 121.4695 23.4877 -63.7240 53.3830 -10.9480 1.2190 0.5170 2.8670
1 121.4291 23.4969 -62.1910 46.9520 -3.4200 0.9260 0.5080 2.8180
1 121.4004 23.4995 -58.7190 41.1560 13.2430 1.8420 0.5180 2.6880
1 121.3910 23.5070 -51.9790 35.8580 -12.3370 1.2440 0.6190 2.0820
1 121.3736 23.4975 -48.4660 33.7090 -13.8660 0.9160 0.2820 1.7040
1 121.3562 23.4942 -46.7300 30.4680 -12.1560 1.8390 0.8180 2.4690
1 121.3264 23.4914 -44.6460 28.6800 -8.7720 1.3720 0.7020 2.8590
1 121.6081 23.9836 -40.3640 15.4800 -7.2740 1.4370 1.3220 1.9700
1 121.5817 24.0036 -40.7690 16.7240 -2.2680 1.4520 1.2980 1.9940
1 121.5921 23.8442 -41.4220 35.4910 -13.4330 0.8740 0.4980 2.1390
1 121.5197 23.8843 -43.1020 20.8520 -8.6380 1.3770 0.6040 1.6210
1 121.5917 25.2909 0.5780 2.3470 -1.1040 0.7000 0.2200 3.0830
1 121.6952 25.1783 3.4990 1.6410 -1.3670 0.1960 0.1130 1.0470
1 121.4600 25.1472 1.0100 2.9820 -3.4680 0.3300 0.3530 2.2080
1 121.4791 25.0607 2.0010 2.5150 -4.2830 0.1960 0.2590 1.8930
1 121.5294 25.2718 1.0360 2.5790 -3.0110 0.2680 0.2080 1.9070
1 121.5472 25.1769 2.4370 2.9020 -2.7460 0.1610 0.1740 1.1890
1 121.4581 25.0252 2.1520 3.4330 -1.5010 0.1990 0.1390 1.6500
1 121.2781 25.0866 0.8110 3.0020 -0.3980 0.2200 0.2300 1.3180
1 120.5906 23.0803 -44.0600 2.8100 12.2500 0.1100 0.0500 0.1900
1 121.1436 25.0457 0.0550 2.8910 1.3530 0.2760 0.2560 1.6890
1 121.3197 25.0779 1.4320 2.7950 0.5020 0.3150 0.1750 2.3580
1 121.2895 25.0654 1.1660 3.5730 -0.6410 0.4320 0.2160 2.3930
1 121.3707 25.0236 1.4770 2.6900 1.0050 0.2810 0.2420 2.1730
1 121.5768 25.1668 2.0820 1.7870 0.6580 0.2460 0.2420 1.7990
1 120.7903 23.5084 -65.3570 25.5250 -4.8650 1.7590 1.0170 3.3670
1 120.7150 23.4791 -24.8330 3.6120 4.3530 2.1240 0.7500 4.7680
1 120.4367 23.3454 -10.0390 3.5200 -3.4630 1.8550 0.7310 2.5370
1 120.6665 23.3004 -29.1860 4.3700 -0.3300 0.8450 0.7280 6.1280
1 120.5652 23.2493 -27.6490 6.3210 3.6810 2.8180 0.9900 6.0670
1 121.1159 24.9573 -1.3280 2.2850 1.4440 1.3410 0.2790 3.7630
1 121.1469 24.9046 -1.3640 2.9120 -0.9680 0.3980 0.1710 1.4480
1 120.9607 24.7988 -1.7740 3.4840 -3.1400 0.6190 0.3210 1.7320
1 121.0086 24.8579 -1.1910 2.0360 -3.1550 0.4680 0.2770 1.1220
1 121.0004 24.7110 -3.3260 4.2930 -3.2410 0.6600 0.2450 1.6610
1 121.1377 25.0131 -0.7820 2.3970 3.3910 0.5930 0.2290 1.5090
1 121.1625 24.9999 -0.0320 2.3350 1.5050 0.1730 0.1900 0.8180
1 121.2777 24.7898 0.3190 4.7670 -1.8970 1.3890 0.4080 4.4620
1 121.0400 24.9570 -1.0470 1.6780 -1.6980 0.4970 0.2550 1.2730
1 121.0857 24.7739 0.1430 4.7960 -5.6410 1.3590 0.3940 4.0040
1 121.3394 23.3213 -72.1480 47.4570 4.8550 1.4080 0.5160 2.0890
1 121.3166 23.3246 -45.5360 31.8360 -13.7930 1.2540 0.5810 2.1000
1 121.2484 23.1235 -63.3660 48.9090 6.9440 1.3800 0.5380 3.0400
1 121.4290 23.2855 -62.2490 54.0750 -4.8730 2.2120 0.9980 4.3210
1 121.2927 23.0392 -77.4000 51.0040 -5.4040 0.8040 0.6670 1.0110
1 121.2148 23.1248 -47.3530 25.0310 -13.3060 1.1340 0.4040 1.5410
1 120.4842 22.6139 -52.7280 -4.8130 -1.6410 1.6410 0.5450 2.0850
1 120.4821 22.5095 -49.2870 -10.8310 -9.1000 1.3650 0.4990 2.8380
1 120.5500 22.4949 -56.4530 -1.6490 -10.9540 1.4890 0.5600 1.8220
1 120.5318 22.7392 -54.2400 -1.5250 -4.5100 0.9760 0.5320 2.1410
1 120.6148 22.5922 -55.9400 1.5860 4.1040 1.4740 0.5200 2.4370
1 120.3583 22.7525 -55.0290 -10.4860 2.5750 0.9230 0.3810 1.4280
1 120.3179 22.7505 -53.9590 -12.5000 1.2050 0.6990 0.4180 1.5000
1 120.3277 22.5807 -45.6300 -20.3980 -4.0070 1.0670 0.5380 2.7080
1 120.6496 22.4153 NaN NaN -5.2985 NaN NaN 0.7900
1 120.6472 22.4188 NaN NaN -9.1818 NaN NaN 0.2030
1 120.6461 22.4219 NaN NaN -2.5581 NaN NaN 0.2670
1 120.6430 22.4245 NaN NaN 1.0099 NaN NaN 0.1720
1 120.6396 22.4244 NaN NaN -1.9274 NaN NaN 0.1250
1 120.6328 22.4264 NaN NaN 0.7723 NaN NaN 0.0610
1 120.6298 22.4263 NaN NaN 0.3929 NaN NaN 0.0500
1 120.6274 22.4250 NaN NaN 0.1216 NaN NaN 0.0180
1 120.6245 22.4228 NaN NaN 1.0655 NaN NaN 0.0510
1 120.6233 22.4235 NaN NaN 0.6186 NaN NaN 0.0260
1 120.6236 22.4266 -57.3840 2.3200 0.5300 1.5000 0.7770 0.0330
1 120.6236 22.4266 -57.3840 2.3200 5.2790 1.5000 0.7770 3.1510
1 120.6203 22.4256 NaN NaN 0.3015 NaN NaN 0.0290
1 120.6166 22.4258 NaN NaN 0.1426 NaN NaN 0.0230
1 120.6137 22.4263 NaN NaN 0.0397 NaN NaN 0.0120
1 120.6110 22.4270 NaN NaN -0.3430 NaN NaN 0.0100
1 120.6006 22.4286 NaN NaN -2.1507 NaN NaN 0.0420
1 120.5954 22.4292 NaN NaN -5.4229 NaN NaN 0.0630
1 120.5849 22.4303 NaN NaN -14.0120 NaN NaN 0.1480
1 120.5685 22.4322 NaN NaN -17.3839 NaN NaN 0.2160
1 120.5669 22.4292 NaN NaN -15.9938 NaN NaN 0.1500
1 120.5673 22.4278 -56.3870 0.7880 -14.1935 1.1520 0.4690 0.0990
1 120.5673 22.4278 -56.3870 0.7880 -18.5880 1.1520 0.4690 2.5810
1 120.8119 24.4626 -3.8460 3.6120 -1.0850 1.0990 0.4250 2.6380
1 120.7855 24.4648 -4.1040 2.5470 0.5140 1.9540 0.6280 2.0530
1 120.9271 24.6048 -6.9140 8.7760 -1.5830 1.1090 0.5130 2.4360
1 120.9146 24.6177 -3.7930 4.2970 -3.4290 0.9260 0.3360 2.0890
1 120.9367 24.5735 -4.9410 5.7070 0.1420 1.1160 0.2630 2.1870
1 120.9865 24.5735 -5.0210 6.9370 -1.9440 0.8230 0.3410 2.0610
1 121.0405 24.6001 -5.4700 7.3430 -0.3380 0.9700 0.2740 2.2830
1 120.8991 24.5820 -4.2500 3.9810 -4.0330 1.9980 0.4870 4.1670
1 120.8857 24.5859 -3.9260 3.5900 -2.3900 0.7600 0.2610 1.9400
1 120.8506 24.5759 -3.7850 3.7910 -2.4690 0.7870 0.3870 1.7080
1 120.8862 24.6039 -12.3720 3.5860 -4.7060 12.2160 0.4020 3.8880
1 120.8696 24.5544 -5.1490 3.2360 -2.8960 1.2970 0.5090 5.1790
1 120.9761 24.5386 -7.8190 6.7950 -2.6190 0.5900 0.5570 1.7930
1 120.6893 22.0339 -56.4780 -0.4880 6.9390 2.0290 1.6330 2.6090
1 121.3566 23.3947 -62.3790 48.1840 1.4690 1.5770 0.4780 1.7390
1 120.7531 22.0299 -49.9610 6.4620 3.2870 1.3520 1.1870 1.8600
1 120.7401 21.9565 -69.6590 -1.4340 -6.0230 2.1180 1.9000 3.0490
1 120.8175 22.0392 -48.0040 7.9110 -9.9330 2.0070 1.6320 2.5600
1 120.8933 22.0897 -42.3920 20.7050 -24.6970 2.1750 1.7430 2.6900
1 121.4448 23.7300 -45.8580 24.6150 -9.9770 1.6110 1.4030 2.1130
1 120.5866 24.0491 -4.6050 2.9010 -1.8450 1.0130 0.4430 1.9610
1 121.3999 24.6413 -1.2600 6.3910 -0.0290 1.7760 0.4870 2.9310
1 120.5524 24.0163 -3.8370 1.7470 -5.1810 1.0170 0.3990 1.4510
1 121.3652 24.7970 -1.7440 4.4970 -0.6270 1.1070 0.3440 2.7800
1 121.2787 24.6414 -3.5010 7.2370 -1.3490 2.5370 0.5270 6.2970
1 120.9564 24.6564 -4.0290 3.3420 0.0880 0.7000 0.3460 1.4130
1 120.6495 24.4058 -3.4730 1.2030 -1.0340 1.7290 0.7140 1.7050
1 120.6961 24.3889 -4.2200 2.4430 -0.8220 1.8220 0.7290 2.3660
1 120.7197 24.0944 -11.0070 3.2130 -11.3220 2.6780 0.8310 7.5470
1 121.1725 24.7988 -3.6410 3.4620 -4.7620 1.1810 0.2450 2.6870
1 120.7368 24.1446 -7.9940 2.9120 -1.1460 2.1830 0.7980 4.2180
1 120.9106 23.8677 -26.5210 10.0600 -2.0060 3.5850 1.2500 5.4520
1 120.9324 23.7951 -35.6670 11.3040 6.0600 2.2780 0.6910 4.0650
1 120.9180 23.7981 -33.1690 11.5090 14.9230 2.2350 0.7440 4.0140
1 120.9557 23.9486 -25.9570 10.4790 5.5140 2.1270 0.8670 4.7650
1 121.1090 23.9681 -32.0600 11.9870 7.5210 3.1900 0.9260 6.8860
1 121.1775 24.1598 -21.3060 9.1340 13.6850 4.1370 1.3940 8.8380
1 121.1891 24.1488 -45.9490 18.0400 -0.6660 1.1450 1.6200 3.8570
1 121.2144 24.8966 -1.3600 3.1160 -2.9600 1.0220 0.2470 2.5940
1 121.2495 24.9184 -0.7800 3.6530 -2.5100 0.7680 0.2920 2.0270
1 121.3041 25.0120 -0.3390 2.5500 3.4360 0.3990 0.2710 2.8020
1 121.1207 24.8086 -2.6870 3.9870 -4.3710 0.9990 0.2430 2.8720
1 121.0828 22.8357 -53.4060 16.8320 -4.3960 2.3770 1.2690 4.6540
1 121.0914 22.8606 -51.6210 15.6260 -2.3680 1.5300 0.5940 2.8020
1 120.3895 23.0648 -22.2270 -5.3690 9.4400 1.0600 0.5380 3.1220
1 120.2293 22.9454 -15.4580 -1.6530 3.4060 1.1820 0.6420 2.9640
1 121.6032 23.9867 -42.0540 15.5060 -7.8210 1.9990 1.8680 2.7660
1 120.6335 22.9958 -54.4290 0.7960 9.1070 1.9510 0.5810 3.1300
1 120.3891 22.6374 -52.2300 -8.4780 -0.6050 2.5890 0.5250 4.0330
1 120.3490 22.7003 -54.1160 -13.5490 2.3860 1.8740 0.5060 2.3880
1 121.2770 23.2019 -60.6780 46.8050 7.9510 1.7570 0.7680 3.0700
1 121.2653 23.2192 -47.2180 26.5300 -13.0550 1.8450 0.8120 2.2000
1 120.2357 22.9222 -19.0020 -1.3400 -2.6280 2.1300 0.6050 1.6280
1 121.4110 23.7157 -42.6580 23.8860 6.3260 1.4140 0.6950 3.4570
1 121.4984 23.7267 -43.7330 29.0350 -9.6140 1.2780 0.6100 1.5820
1 121.4676 23.7544 -42.0310 25.0420 -4.8440 0.8100 0.6260 2.5640
1 121.7437 24.6271 19.7180 -6.9250 -6.2940 0.7780 0.8100 3.4250
1 121.7278 24.6924 11.3960 -4.3260 -5.1390 0.4460 0.4800 1.3500
1 121.6912 24.7474 4.6310 -0.7340 -4.5590 0.6310 0.4010 2.4380
1 121.7235 24.7236 8.8290 -4.7560 -9.8190 0.4530 0.7210 2.1340
1 121.6188 24.0069 -37.5480 18.5420 -7.8140 1.6840 1.6230 2.4270
1 121.6089 24.0144 -38.6910 13.5410 -7.4790 1.1530 1.0990 1.6700
1 120.6042 23.6865 -4.8670 3.9430 -5.6890 1.7210 0.6360 4.4720
1 120.5869 23.6872 -4.4910 4.5140 -2.6760 1.2210 0.5490 3.6530
1 120.6023 23.7441 -7.3080 3.4720 -3.0900 2.8210 0.4800 1.6200
1 120.4158 22.5900 -50.9090 -7.2620 3.5050 2.6600 0.5460 2.9920
1 120.3834 22.6153 -47.0030 -18.3590 2.8880 1.7820 0.4290 3.3680
1 120.4078 22.6220 -49.5400 -7.7100 -2.3170 1.7170 0.5360 3.1860
1 120.3145 22.6766 -49.1280 -20.5680 2.5850 2.1590 0.4310 3.3930
1 120.3314 22.7263 -53.3040 -12.7080 -0.5500 1.0110 1.0710 3.4640
1 120.4627 22.5929 -51.0600 -5.5860 -0.0270 1.8670 0.3900 3.3850
1 120.4294 23.0063 -25.9810 -7.0620 26.7620 2.7880 1.1890 5.7950
1 120.2963 23.0660 NaN NaN 1.9133 NaN NaN 0.3840
1 120.3086 23.0047 NaN NaN 2.6096 NaN NaN 0.5350
1 120.3808 22.9514 NaN NaN 15.7747 NaN NaN 1.1940
1 120.4011 22.9471 NaN NaN 10.5174 NaN NaN 1.7430
1 120.3075 22.8781 NaN NaN -0.3930 NaN NaN 0.9510
1 120.5923 22.8726 NaN NaN 4.2789 NaN NaN 2.5090
1 120.6004 22.8776 NaN NaN 4.0938 NaN NaN 2.6190
1 120.6098 22.8790 NaN NaN 3.5876 NaN NaN 2.5500
1 120.5619 22.8565 NaN NaN 3.7069 NaN NaN 1.8120
1 120.3193 22.8078 NaN NaN -4.7840 NaN NaN 0.8350
1 120.2991 22.8089 NaN NaN -16.3849 NaN NaN 0.5880
1 120.3106 23.5594 NaN NaN -16.5021 NaN NaN 0.6420
1 121.5390 24.9124 2.1100 3.5670 3.4650 0.3670 0.2920 3.1500
1 121.5465 24.9222 1.2130 3.0130 2.0980 0.7490 0.3250 3.5490
1 121.5309 24.9381 2.0870 2.8270 1.1390 0.6370 0.3600 3.5780
1 121.7123 24.9376 2.3660 1.8440 -0.1640 0.4160 0.3690 2.2150
1 121.5756 24.9507 2.8810 2.6410 -2.8810 1.3730 0.5270 5.7390
1 121.6367 24.9531 1.0690 5.0990 -1.8360 0.3540 0.2840 1.9120
1 121.2703 24.9817 0.6000 3.2630 1.1570 0.3280 0.2780 2.2380
1 121.4055 24.8727 0.3990 3.0840 -4.4330 1.6120 0.5380 3.2750
1 121.3601 24.8588 -0.7610 4.0900 -1.4030 0.9440 0.3050 1.7450
1 121.3456 24.9521 -0.7790 2.6990 -3.6640 0.9070 0.3650 1.9800
1 121.4055 24.9336 0.0040 3.1190 -0.8020 1.2500 0.6010 3.0280
1 121.3101 24.9255 -0.9660 2.8790 -2.7660 0.9780 0.2550 1.7690
1 121.3253 24.8927 -0.5280 3.7580 -4.2770 0.6420 0.3850 2.2050
1 121.3046 24.8813 -1.0900 3.4010 -3.3810 0.8320 0.4720 2.1780
1 121.2884 24.8498 -1.0910 3.9030 -3.5570 1.0400 0.2500 2.7920
1 121.0861 24.8526 -2.3430 3.0070 -3.8720 0.9590 0.3360 3.1290
1 121.1171 24.8476 -2.5070 3.3040 -4.2850 1.0240 0.4050 2.5560
1 121.1414 24.8447 -1.7130 4.6910 -5.6010 1.1530 0.3200 2.5390
1 120.7518 24.5277 -4.0610 2.7010 -4.0710 0.9370 0.3550 1.7890
1 120.8098 24.4305 -4.6770 4.4150 -2.4370 2.2550 0.6740 3.3060
1 120.8617 24.4186 -5.8600 3.7820 0.8000 1.5140 0.5090 3.3380
1 120.8430 24.3739 -7.0520 6.0080 -3.2220 1.4740 0.6140 2.5880
1 120.8826 24.3807 -2.3900 5.4330 -0.1850 4.2060 0.9600 4.8380
1 120.9715 24.3882 -11.4220 6.7470 -0.3640 1.8440 0.6290 4.3080
1 121.0073 24.4046 -10.3280 7.3400 -2.8960 1.8540 0.6520 4.2400
1 120.9470 24.3594 -10.8910 5.1970 2.2900 2.0260 0.8100 3.3740
1 120.8658 24.3529 -8.3120 6.0350 -0.6700 2.0670 0.7210 4.0920
1 120.8260 24.3482 -8.1510 4.4820 0.6390 1.4870 0.4370 8.7590
1 120.8484 24.3376 -7.6220 4.6240 -4.9500 2.8520 1.0790 2.5740
1 120.8241 24.3118 -8.2450 4.1990 0.1590 1.4780 0.6120 2.4320
1 120.8360 24.3136 -8.0100 3.7070 3.1370 2.2490 0.9580 3.3270
1 120.8492 24.2990 -9.3070 4.6060 3.2000 2.6260 0.9370 3.8430
1 120.8233 24.3247 -7.4310 3.4390 -1.0940 1.6150 0.4720 2.0600
1 120.6785 24.3113 -4.7230 1.7200 1.2770 1.7680 1.1920 4.4830
1 120.5782 24.2283 -3.7090 1.8230 -2.8470 2.6820 1.0270 5.1300
1 120.7897 24.2568 -10.6750 4.9210 1.8490 1.7540 0.5600 2.9070
1 120.8642 24.1597 -14.4880 6.9530 0.9350 2.2200 0.7510 2.5310
1 120.9299 24.1832 -14.6260 7.6730 2.7150 1.9650 0.6490 2.5010
1 120.5664 23.9876 -5.4120 2.3580 -2.1880 1.6630 0.9790 2.9590
1 120.4704 23.1244 -29.4580 4.9140 4.5360 2.4380 0.8050 5.5410
1 120.3163 22.7266 -53.0640 -14.3850 -0.6190 1.6950 0.6970 2.6780
1 120.2962 22.7124 -46.1090 -18.7160 4.0380 1.7600 1.0100 2.3240
1 120.2896 22.6877 -44.0670 -20.4540 4.5400 2.0920 0.7170 3.9480
1 120.4770 22.6656 -54.5540 -6.7110 0.1010 2.8430 0.7070 2.5490
1 120.5246 22.6775 -55.0620 -1.2460 -8.0020 2.4940 0.8280 3.0380
1 121.4780 24.5746 0.5910 10.1550 6.2040 0.8680 0.7940 5.3330
1 121.4261 24.4882 -10.9870 15.1590 8.0380 1.1160 0.5970 3.3450
1 120.4205 23.5565 NaN NaN -3.0084 NaN NaN 0.5810
1 120.3727 23.5562 NaN NaN -5.5591 NaN NaN 0.5660
1 120.5649 23.5791 NaN NaN 0.6229 NaN NaN 0.4250
1 120.3093 23.0148 NaN NaN 4.4425 NaN NaN 1.2790
1 121.9532 24.8416 13.7800 -4.4100 -27.2290 0.5240 1.5060 3.0890
1 120.1600 23.0029 NaN NaN -3.5546 NaN NaN 0.4110
1 120.2864 23.1470 NaN NaN 1.3610 NaN NaN 0.1340
1 121.6883 25.0080 2.2740 2.0160 -2.9650 0.9960 0.5150 3.8750
1 120.2621 23.0896 -9.5840 0.6180 -11.2070 6.1330 1.7530 6.4930
1 120.4056 22.7234 -54.2520 -3.9040 8.2720 4.5660 3.1260 12.6360
1 120.3424 22.5255 -42.0720 -18.3010 -5.9120 3.5110 1.1850 10.3230
1 120.4640 22.8474 -42.8910 -2.1720 1.0430 6.0970 2.6530 16.0270
1 120.3614 22.5910 -42.4680 -17.8660 0.4590 3.5520 1.0180 6.6120
1 120.4414 22.7233 -47.6210 -5.0520 0.7900 7.5830 1.7100 3.9320
1 120.6168 23.5662 NaN NaN 2.2863 NaN NaN 0.2210
1 120.6368 23.5651 NaN NaN 2.2866 NaN NaN 0.4210
1 120.6377 23.5702 NaN NaN 2.6689 NaN NaN 0.2640
1 120.6427 23.5714 NaN NaN 3.4965 NaN NaN 0.3540
1 120.6509 23.5623 NaN NaN 4.1099 NaN NaN 0.2880
1 120.6587 23.5649 NaN NaN -2.8087 NaN NaN 0.7510
1 120.2948 23.1066 NaN NaN 1.2950 NaN NaN 0.0720
1 120.3086 22.9942 NaN NaN 3.1647 NaN NaN 0.2780
1 120.2224 22.9854 NaN NaN 2.2463 NaN NaN 0.0920
1 120.2487 22.9722 NaN NaN 2.5836 NaN NaN 0.7520
1 120.6664 22.8847 NaN NaN 6.1928 NaN NaN 1.6820
1 120.6155 22.8532 NaN NaN 1.4270 NaN NaN 2.2030
1 120.6485 22.8801 NaN NaN 3.6277 NaN NaN 2.4870
1 120.5031 22.7770 NaN NaN -3.2775 NaN NaN 0.4890
1 120.3428 22.8129 NaN NaN -3.3949 NaN NaN 0.6730
1 121.7777 25.0437 4.1500 1.2740 -1.2810 1.1540 0.4390 4.2090
1 121.9084 25.0163 2.1650 2.1590 -1.0950 0.5700 0.2520 3.1280
1 121.9490 25.0170 2.2120 2.9680 -0.4040 0.3560 0.3400 2.9330
1 121.9887 25.0171 2.8740 2.7280 -1.0710 0.4960 0.3820 2.8250
1 121.9254 25.0546 2.0640 2.0650 -1.4420 0.5690 0.5110 3.0050
1 121.8521 25.0621 2.2960 1.7830 0.0950 0.2400 0.3740 2.6340
1 121.8871 25.1203 3.2580 1.4580 -1.8980 0.9630 0.4020 1.5120
1 121.8566 25.1116 2.3490 3.3160 1.1030 0.9400 0.5440 3.2670
1 121.8328 25.0948 2.6100 1.3210 -1.8710 0.7040 0.3410 3.5560
1 121.8232 25.1098 1.2480 1.1400 0.4160 1.2180 1.0040 3.8040
1 121.7768 25.1028 3.2500 2.1240 1.9560 1.2250 0.7790 3.8790
1 121.7368 24.9606 5.0730 2.5640 -5.1250 0.8510 0.3860 3.8060
1 121.8278 24.9735 1.3470 2.3460 -1.0370 0.5830 0.4460 4.0640
1 121.8113 24.9289 2.8540 1.2520 -1.7410 1.4210 0.7750 5.6910
1 121.5979 24.8482 2.7520 3.1940 1.2310 1.4550 0.5580 6.9160
1 121.6459 24.8360 1.3620 1.8880 0.9200 1.3060 0.7340 4.5280
1 121.7301 24.8235 0.6960 0.6180 0.4560 1.1090 1.2800 4.1000
1 121.6872 24.8186 2.4370 -1.1420 -1.0610 1.8750 1.1880 7.9160
1 121.5853 24.7596 0.1390 2.0410 -3.7530 1.3710 1.7180 9.7730
1 121.6581 24.7530 3.2450 0.0510 -1.6530 2.3660 1.2600 13.7540
1 120.4184 22.9447 NaN NaN 21.8919 NaN NaN 3.3780
1 120.4222 22.9447 NaN NaN 23.9930 NaN NaN 2.9690
1 120.4232 22.9408 NaN NaN 24.1050 NaN NaN 3.3200
1 120.4224 22.9366 NaN NaN 18.9141 NaN NaN 3.4410
1 120.4207 22.9329 NaN NaN 22.5317 NaN NaN 3.1650
1 120.4203 22.9286 NaN NaN 20.6774 NaN NaN 3.3440
1 120.8381 23.8549 -27.7300 12.8100 9.1200 0.3500 0.2400 1.2400
1 120.4194 22.9244 NaN NaN 9.4750 NaN NaN 2.7890
1 120.4219 22.9251 NaN NaN 15.4142 NaN NaN 5.2470
1 120.4247 22.9283 NaN NaN 22.7090 NaN NaN 4.2280
1 120.4271 22.9279 NaN NaN 11.4088 NaN NaN 4.0220
1 120.4294 22.9252 NaN NaN 21.8414 NaN NaN 2.8930
1 120.4330 22.9235 NaN NaN 14.6495 NaN NaN 3.3990
1 120.4366 22.9209 NaN NaN 13.6804 NaN NaN 2.9700
1 120.4399 22.9224 NaN NaN 15.1070 NaN NaN 3.2770
1 120.4429 22.9262 NaN NaN 21.2583 NaN NaN 2.7670
1 120.4456 22.9276 NaN NaN 12.1030 NaN NaN 3.6440
1 120.4520 22.9257 NaN NaN 12.8894 NaN NaN 3.2490
1 120.5842 22.8311 NaN NaN 1.8824 NaN NaN 4.0410
1 120.6053 22.7872 NaN NaN -4.6678 NaN NaN 0.0100
1 120.5977 22.7868 NaN NaN -2.5925 NaN NaN 0.0340
1 120.3385 23.7203 -9.2170 -2.5950 -22.5780 12.9230 1.9700 8.1790
1 120.3530 22.9711 NaN NaN 11.6679 NaN NaN 0.8850
1 120.3155 23.0443 NaN NaN -0.4959 NaN NaN 0.1680
1 120.3173 23.0467 NaN NaN -0.5095 NaN NaN 0.2220
1 120.3215 23.0515 NaN NaN -2.5225 NaN NaN 0.4140
1 120.3232 23.0531 NaN NaN -2.1330 NaN NaN 0.1810
1 120.3259 23.0560 NaN NaN 1.0528 NaN NaN 0.1990
1 120.3289 23.0586 NaN NaN 0.9362 NaN NaN 0.1930
1 120.3399 23.0654 NaN NaN 1.7765 NaN NaN 0.2370
1 120.3449 23.0669 NaN NaN 1.4399 NaN NaN 0.2400
1 120.3569 23.0706 NaN NaN 0.9323 NaN NaN 0.4940
1 120.3630 23.0760 NaN NaN 0.4950 NaN NaN 0.5290
1 120.3726 23.0800 NaN NaN 4.1433 NaN NaN 0.6210
1 120.3762 23.0763 NaN NaN 4.3339 NaN NaN 0.7030
1 120.3768 23.0713 NaN NaN 2.4071 NaN NaN 0.6550
1 120.3792 23.0685 NaN NaN 3.1968 NaN NaN 0.5880
1 120.3826 23.0648 NaN NaN 3.4235 NaN NaN 0.6130
1 120.3865 23.0642 NaN NaN 4.1971 NaN NaN 0.5240
1 120.3900 23.0619 NaN NaN 2.4904 NaN NaN 0.5610
1 120.3912 23.0607 NaN NaN 2.1236 NaN NaN 0.6150
1 120.3967 23.0586 NaN NaN 3.8985 NaN NaN 0.4760
1 120.4070 23.0532 NaN NaN 0.0206 NaN NaN 0.7630
1 120.4094 23.0535 NaN NaN 4.3839 NaN NaN 0.5520
1 120.4151 23.0534 NaN NaN 6.2705 NaN NaN 2.3990
1 120.4169 23.0544 NaN NaN 5.1379 NaN NaN 1.0390
1 120.4190 23.0560 NaN NaN 5.7575 NaN NaN 1.3130
1 120.4207 23.0587 NaN NaN 3.7333 NaN NaN 1.2560
1 120.4206 23.0613 NaN NaN 2.3956 NaN NaN 1.3850
1 120.4218 23.0677 NaN NaN 5.7080 NaN NaN 1.5810
1 120.4239 23.0716 NaN NaN 1.7408 NaN NaN 1.7930
1 120.4236 23.0760 NaN NaN 3.4577 NaN NaN 1.5800
1 120.4284 23.0861 NaN NaN -2.6439 NaN NaN 1.7290
1 120.4332 23.0904 NaN NaN 2.4871 NaN NaN 1.5130
1 120.4366 23.0939 NaN NaN -6.5556 NaN NaN 1.9410
1 120.4451 23.0997 NaN NaN -2.0037 NaN NaN 0.9760
1 120.4468 23.1032 NaN NaN -1.1439 NaN NaN 1.0910
1 120.4550 23.1122 NaN NaN 0.3232 NaN NaN 1.0770
1 120.4585 23.1166 NaN NaN -0.6535 NaN NaN 1.2070
1 120.7289 21.9971 NaN NaN -3.0633 NaN NaN 0.0100
1 120.7331 21.9997 NaN NaN -4.4978 NaN NaN 0.0520
1 120.7344 22.0000 NaN NaN -4.9345 NaN NaN 0.4130
1 120.7375 21.9588 NaN NaN -0.8604 NaN NaN 0.4740
1 120.7429 21.9660 NaN NaN 1.5426 NaN NaN 0.5360
1 120.7490 21.9691 NaN NaN 0.1508 NaN NaN 0.5320
1 120.7524 21.9691 NaN NaN -0.6742 NaN NaN 0.3470
1 120.7583 21.9654 NaN NaN -1.5396 NaN NaN 0.5450
1 120.7599 21.9633 NaN NaN -7.2528 NaN NaN 2.0610
1 120.7846 21.9461 NaN NaN 2.0834 NaN NaN 1.1110
1 120.4095 22.9462 NaN NaN 16.0851 NaN NaN 7.4970
1 120.4196 22.9234 NaN NaN 16.4951 NaN NaN 6.7810
1 120.3544 22.9687 NaN NaN 11.9837 NaN NaN 3.2030
1 120.3576 22.9677 NaN NaN 4.5656 NaN NaN 5.7280
1 120.3630 22.9651 NaN NaN 11.8345 NaN NaN 4.3860
1 120.3659 22.9625 NaN NaN 14.1270 NaN NaN 4.2870
1 120.3744 22.9562 NaN NaN 14.5968 NaN NaN 4.4120
1 120.3786 22.9542 NaN NaN 16.0074 NaN NaN 3.1590
1 120.3858 22.9509 NaN NaN 1.0208 NaN NaN 9.2270
1 120.3899 22.9489 NaN NaN 17.3258 NaN NaN 3.4910
1 120.6078 23.6121 -16.8700 5.7600 -1.1700 0.0400 0.0300 0.1700
1 121.9874 25.0204 2.4700 1.8800 -0.5000 0.0200 0.0200 0.1100
1 121.5082 24.9820 2.2800 3.9900 -1.3400 0.0400 0.0300 0.1600
1 120.9823 24.8097 -5.5800 0.9100 -5.6800 0.0600 0.0400 0.0800
1 121.0441 24.7766 -2.4100 4.3000 -2.6100 0.0200 0.0200 0.0700
1 120.5683 23.5672 -16.3800 5.7300 -0.9600 0.2000 0.1400 0.7900
1 120.5542 23.4656 -16.2900 3.4800 0.2800 0.0500 0.0100 0.0700
1 120.6548 23.4829 -20.2300 5.2700 3.4200 0.0200 0.0200 0.0900
1 121.5015 25.2037 0.3200 2.8300 -3.2400 0.0300 0.0200 0.1000
1 121.6519 25.2086 2.3900 1.4100 -2.0400 0.0200 0.0200 0.0900
1 121.4616 25.1462 -1.9200 3.1100 -7.1600 0.0300 0.0200 0.1200
1 121.4988 25.1336 -0.4400 2.4600 -4.5900 0.0200 0.0200 0.0800
1 121.3828 25.0530 0.3900 3.2400 -2.4500 0.0200 0.0100 0.0700
1 120.9595 24.8032 -1.5700 3.2000 -3.2700 0.0200 0.0100 0.0700
1 120.9905 24.7666 -2.1000 3.7900 -1.5500 0.0200 0.0100 0.0700
1 121.0416 24.7479 -2.5800 4.6300 -1.6600 0.0200 0.0100 0.0800
1 120.6058 23.5612 -17.9100 5.7200 1.3200 0.0200 0.0200 0.0900
1 120.4738 23.4850 -11.6200 3.2400 -2.2000 0.0200 0.0100 0.0800
1 121.6798 25.0723 3.6600 1.6900 -2.6900 0.0500 0.0500 0.2300
1 121.9400 24.8425 12.3500 -7.7400 -21.4900 0.0400 0.0400 0.1400
1 120.5124 24.0973 -2.4200 0.9500 -4.0900 0.0200 0.0100 0.0700
1 120.6063 24.0909 -3.9600 1.8300 -5.4000 0.0200 0.0200 0.0800
1 120.6477 24.0946 -4.2500 2.5900 -2.5800 0.0300 0.0200 0.1400
1 120.5261 24.0252 -3.1100 0.6700 -7.6400 0.0200 0.0100 0.1000
1 120.6402 23.9865 -5.2800 2.8800 -3.9800 0.0200 0.0200 0.0900
1 120.6460 23.8698 -5.6600 2.4400 -3.6200 0.0300 0.0200 0.1300
1 120.5779 23.8248 -5.2400 2.4000 -1.9600 0.0200 0.0200 0.1100
1 120.2144 23.0810 -7.2500 -0.2000 -4.4700 0.0300 0.0200 0.1200
1 120.3158 23.0751 -11.9500 -0.9500 1.1700 0.0300 0.0200 0.0900
1 120.2263 23.0205 -12.5200 0.4800 0.2000 0.0300 0.0300 0.1100
1 120.2758 23.0189 -17.1700 -0.9400 -3.3200 0.0200 0.0100 0.0800
1 120.3371 23.0258 -21.3400 -3.3500 1.1400 0.0400 0.0300 0.1400
1 120.1878 22.9644 -11.7100 -0.0300 -3.5300 0.0200 0.0200 0.0800
1 120.2751 22.9392 -24.2500 -0.9300 1.9100 0.0300 0.0100 0.0800
1 120.3094 22.9355 -24.6900 -1.8500 1.4600 0.0200 0.0200 0.0800
1 120.6253 24.3620 -2.7900 1.5500 -3.4400 0.0300 0.0200 0.0700
1 120.7154 24.3286 -2.6700 3.5500 -1.9500 0.0500 0.0400 0.1200
1 120.6006 24.2798 -2.7300 1.1600 -4.2600 0.0200 0.0100 0.0800
1 120.5296 24.1844 -2.2900 1.1400 -3.8400 0.0200 0.0100 0.0700
1 120.5763 24.1812 -2.7900 1.8200 -4.2300 0.0200 0.0200 0.0700
1 120.4449 23.3776 -11.9200 3.0900 -5.9300 0.0800 0.0300 0.1400
1 120.4520 23.2732 -20.3400 2.8100 3.8500 0.1100 0.0300 0.1500
1 120.3736 23.2572 -10.3000 1.9000 -2.2000 0.1100 0.0300 0.1600
1 120.4004 23.2222 -17.2800 1.6500 6.2000 0.0800 0.0300 0.1100
1 120.7282 22.7491 -57.8000 2.3700 5.1300 0.0400 0.0300 0.1600
1 120.6495 22.5275 -57.7400 1.7000 0.1700 0.0400 0.0300 0.2000
1 120.7453 21.9487 -38.0500 4.7300 -33.8900 0.1300 0.0700 0.3000
1 120.5482 22.9985 -48.2000 -3.2800 4.5700 0.0500 0.0300 0.1600
1 120.6628 23.0323 -50.7300 0.2000 5.9400 0.0400 0.0400 0.1600
1 120.4064 22.8382 -41.1100 -6.9900 7.1200 0.0500 0.0400 0.1600
1 120.4602 22.8353 -55.5500 -4.9500 0.9500 0.1100 0.0700 0.3200
1 120.6103 22.8489 -57.1600 -0.6000 0.2100 0.0600 0.0400 0.1600
1 120.6098 22.7021 -57.1900 0.6000 -1.8400 0.0500 0.0300 0.1800
1 120.6098 22.7021 -57.2500 0.4900 -1.8400 0.0500 0.0300 0.1800
1 120.6098 22.7021 -57.1900 0.6000 -2.2200 0.0500 0.0300 0.1800
1 120.6098 22.7021 -57.2500 0.4900 -2.2200 0.0500 0.0300 0.1800
1 120.7729 22.1258 -46.9900 7.7700 0.8500 0.1200 0.0800 0.4700
1 120.8470 22.1246 -42.8800 14.3300 -5.5500 0.0800 0.0700 0.3800
1 120.7124 22.0556 -49.9500 0.5800 -2.5400 0.0600 0.0500 0.1900
1 120.8178 22.0058 -42.6300 13.0600 -0.4600 0.0500 0.0400 0.2000
1 121.2087 24.6768 -2.6800 7.8500 -1.9400 0.0700 0.0400 0.2800
1 121.2506 24.7318 -1.2100 7.1400 5.6100 0.0700 0.0400 0.3600
1 120.6340 23.5424 -19.3500 4.4300 2.9100 0.0600 0.1000 0.1900
1 120.7199 23.4055 -31.5200 4.5300 4.0100 0.0500 0.0400 0.2500
1 120.7486 23.4542 -30.6200 4.8500 4.0800 0.0600 0.0500 0.2300
1 120.6832 23.3380 -32.1200 6.6600 2.8900 0.0800 0.0600 0.2900
1 121.3782 24.9680 2.2100 2.4900 1.9000 0.1000 0.0800 0.5900
1 121.7910 24.7963 4.7200 -3.9700 -8.5300 0.0900 0.0700 0.5400
1 121.7126 24.6669 15.5000 -2.8500 -8.4900 0.0800 0.0700 0.3800
1 121.8294 24.6644 19.3700 -15.0900 -10.7600 0.1800 0.1000 0.5200
1 120.3530 22.9711 -27.4800 -3.6200 -4.3800 0.1800 0.1300 1.0000
1 120.4598 22.9392 -40.9100 -4.9300 0.5800 0.2200 0.1200 0.6300
1 120.4941 22.8856 -52.8400 -3.9300 -3.7400 0.1500 0.1000 0.5600
1 120.3707 22.8353 -38.8600 -9.0300 8.7100 0.1400 0.1000 0.5600
1 120.4053 22.7776 -58.0700 -10.8200 -4.1000 0.1600 0.1700 0.5600
1 121.3910 23.6074 -32.0900 23.3100 -12.5900 0.0600 0.0500 0.2000
1 120.5888 23.6459 -7.9700 4.8300 -2.1800 0.0200 0.0200 0.0800
1 121.0066 24.2022 -16.2300 13.0700 2.5200 0.0400 0.0400 0.3200
1 121.1584 23.0483 -43.9400 14.7400 35.3700 5.9800 1.7600 19.7400
1 120.6194 22.8828 NaN NaN 2.7151 NaN NaN 2.5310
1 121.6871 24.6095 19.6500 -1.3200 -1.2000 0.0200 0.0200 0.0900
1 121.0140 24.8273 -2.9800 2.7900 -6.2200 0.6500 0.3800 2.3600
1 120.9846 24.7925 -2.1900 3.5300 -3.9200 0.0400 0.0300 0.1800
1 120.7465 22.0039 -52.8700 1.4600 -7.4500 0.0400 0.0300 0.1400
1 121.5809 25.2944 0.6600 1.9100 -2.0200 0.0800 0.0300 0.1400
1 120.7741 24.6464 -1.6900 2.8200 -8.2200 0.1500 0.1000 0.5800
1 120.7742 24.6464 -3.2300 3.1800 5.4900 1.3900 0.9700 5.5400
1 120.3478 23.6866 -1.6600 3.4300 -45.9500 0.2300 0.1700 1.1200
1 120.7741 24.6464 -6.5000 3.8500 -12.7500 1.5000 1.0600 5.9100
1 120.9942 23.7930 -34.9000 14.8900 3.9100 0.0600 0.0400 0.1700
1 121.3081 24.3377 -6.9300 12.0200 4.8700 0.0200 0.0200 0.0900
1 120.1349 23.1884 -2.1400 -1.0600 -6.7800 0.0300 0.0200 0.1200
1 120.8949 24.1708 -17.9400 7.6800 -8.5500 0.0500 0.0400 0.2400
1 121.4051 23.5553 -40.1000 30.5900 -15.2200 0.0500 0.0300 0.1900
1 121.0143 24.8278 -1.6000 2.8500 -1.9300 0.0200 0.0200 0.1100
1 121.0265 24.2806 -18.3800 13.4600 -6.5900 0.0500 0.0300 0.1200
1 121.6135 23.9754 -25.7300 14.4200 -8.0300 0.0400 0.0300 0.1500
1 121.2726 24.1435 -17.6800 18.3600 0.5500 0.0400 0.0400 0.1400
1 121.7495 24.3090 3.0800 -12.2900 -3.9500 0.0800 0.0600 0.3200
1 119.6694 23.5664 -0.6600 0.2100 -1.4200 0.0800 0.0400 0.2100
1 120.2866 23.7294 -1.9700 1.5100 -27.3100 0.0200 0.0200 0.1600
1 121.0294 24.0923 -24.2500 12.5700 4.4100 0.0300 0.0200 0.1100
1 120.1605 23.2471 NaN NaN -10.0585 NaN NaN 1.7910
1 120.1758 23.2383 NaN NaN -7.4947 NaN NaN 0.8290
1 120.2051 23.2382 NaN NaN -8.9339 NaN NaN 1.0480
1 120.2229 23.2351 NaN NaN -6.6741 NaN NaN 1.2100
1 120.2408 23.2338 NaN NaN -4.6620 NaN NaN 0.9120
1 120.2611 23.2307 NaN NaN -3.9882 NaN NaN 0.8770
1 120.2724 23.2389 NaN NaN -4.4133 NaN NaN 0.8770
1 120.2809 23.2445 NaN NaN -2.5763 NaN NaN 0.5960
1 120.2955 23.2550 NaN NaN 0.1775 NaN NaN 0.6960
1 120.3084 23.2540 NaN NaN 2.6229 NaN NaN 0.5640
1 120.3483 23.2278 NaN NaN 3.7397 NaN NaN 0.3440
1 120.3621 23.2350 NaN NaN 3.9310 NaN NaN 0.5970
1 120.3751 23.2381 NaN NaN 4.8447 NaN NaN 0.5640
1 120.3851 23.2362 NaN NaN 3.2547 NaN NaN 4.0180
1 120.3991 23.2309 NaN NaN 6.6660 NaN NaN 0.0100
1 120.4102 23.2344 NaN NaN 7.4360 NaN NaN 7.2380
1 120.4210 23.2392 NaN NaN 8.7816 NaN NaN 5.8550
1 120.4312 23.2400 NaN NaN -0.9580 NaN NaN 5.4010
1 120.4483 23.2358 NaN NaN 18.2271 NaN NaN 9.8860
1 120.4656 23.2380 NaN NaN 7.7081 NaN NaN 1.3050
1 120.4718 23.2357 NaN NaN 8.9329 NaN NaN 1.1420
1 120.4686 23.2223 NaN NaN 8.8585 NaN NaN 1.0980
1 120.4640 23.2102 NaN NaN 7.3463 NaN NaN 0.7090
1 120.4652 23.1981 NaN NaN 12.6027 NaN NaN 0.8770
1 120.4724 23.1897 NaN NaN 10.4169 NaN NaN 0.7220
1 120.4855 23.1944 NaN NaN 7.0493 NaN NaN 1.1760
1 121.1588 22.7919 -69.7480 43.4300 -3.5980 1.9180 0.7160 3.1540
1 120.2793 23.3607 -5.7400 1.0400 -9.9600 0.0200 0.0100 0.0800
1 121.7566 24.7640 6.8800 -4.5500 -9.6000 0.0300 0.0200 0.1600
1 120.3114 23.0397 NaN NaN 3.8418 NaN NaN 0.4570
1 120.3114 23.0397 NaN NaN -0.4030 NaN NaN 0.0100
1 120.3197 23.0498 NaN NaN -1.1364 NaN NaN 0.1730
1 120.3316 23.0614 NaN NaN 0.6315 NaN NaN 0.2290
1 120.3671 23.0784 NaN NaN 2.2859 NaN NaN 0.5690
1 120.3785 23.0692 NaN NaN 3.1537 NaN NaN 0.6670
1 120.4024 23.0552 NaN NaN 1.9753 NaN NaN 0.6650
1 120.4128 23.0536 NaN NaN 5.1132 NaN NaN 0.7080
1 120.4217 23.0635 NaN NaN 5.4548 NaN NaN 1.2240
1 120.4254 23.0809 NaN NaN 3.5556 NaN NaN 1.4910
1 120.4408 23.0964 NaN NaN -1.9998 NaN NaN 1.6310
1 120.4510 23.1087 NaN NaN -0.4286 NaN NaN 1.0690
1 120.2367 22.8785 NaN NaN 5.4254 NaN NaN 0.6180
1 120.2773 22.8798 NaN NaN 5.3284 NaN NaN 0.8920
1 120.2992 22.8783 NaN NaN 2.2013 NaN NaN 0.8630
1 120.3239 22.8806 NaN NaN 2.1683 NaN NaN 1.1260
1 120.3523 22.8770 NaN NaN 8.9547 NaN NaN 0.5160
1 120.3837 22.8806 NaN NaN 11.9013 NaN NaN 0.5610
1 120.3931 22.8864 NaN NaN 17.4415 NaN NaN 1.1630
1 120.4047 22.8936 NaN NaN 18.7470 NaN NaN 0.6190
1 120.4199 22.8895 NaN NaN 6.4450 NaN NaN 1.4500
1 120.4312 22.8846 NaN NaN 11.7828 NaN NaN 0.9720
1 120.4423 22.8858 NaN NaN 6.8133 NaN NaN 1.5270
1 120.4506 22.8867 NaN NaN 12.7706 NaN NaN 1.7410
1 120.4658 22.8859 NaN NaN 8.2716 NaN NaN 0.9930
1 120.4746 22.8832 NaN NaN 7.5952 NaN NaN 1.7880
1 120.5474 23.5137 -14.2700 4.3700 -0.1900 0.0300 0.0200 0.1100
1 120.5767 23.6153 -10.6800 4.6000 -1.9000 0.0500 0.0400 0.2000
1 119.6134 23.7414 -1.2500 0.0300 -2.7400 0.0400 0.0400 0.2100
1 120.6228 22.3300 -55.2200 1.1000 -0.3300 0.0200 0.0200 0.1000
1 118.4474 24.4171 -0.4200 0.0000 -1.0800 0.1000 0.0500 0.2500
1 118.4218 24.5037 0.4200 -0.1800 -0.3200 0.0500 0.0400 0.1700
1 120.5240 23.4230 -14.5500 4.2400 3.2800 0.0300 0.0200 0.1100
1 121.3714 23.5316 -31.1500 25.1100 -11.8200 0.0300 0.0300 0.1300
1 121.3589 23.3411 -42.0100 46.7300 5.3000 0.0300 0.0300 0.1400
1 121.4239 23.4920 -45.8300 42.5600 -3.3200 0.0400 0.0300 0.1100
1 120.5542 23.5224 -14.6200 4.6700 -1.6600 0.0300 0.0200 0.1000
1 121.3182 23.3417 -31.4000 24.5000 -13.7900 0.0500 0.0400 0.2000
1 120.8754 24.6840 -3.3300 4.2500 0.3000 0.0200 0.0200 0.0900
1 120.4973 23.2197 -20.8700 -2.0900 7.5600 1.1300 0.6400 3.3800
1 121.2263 24.2425 -9.9500 18.4400 0.9400 0.0400 0.0500 0.2900
1 119.9710 25.9597 -0.4100 0.4400 -1.4800 0.0500 0.0400 0.2300
1 121.1165 23.9876 -34.5600 14.0800 6.1100 0.0400 0.0200 0.1100
1 120.2884 22.6145 -47.2300 -23.5800 -3.1300 0.0500 0.0400 0.1300
1 120.6330 22.8102 -57.7300 -0.1000 0.5200 0.0700 0.0600 0.2100
1 120.3270 23.1712 -8.1400 -1.4600 12.4500 0.7800 0.4900 2.5200
1 120.7820 21.9494 -46.7200 9.3600 1.3700 0.0300 0.0300 0.1300
1 121.1168 23.9877 -30.0100 9.6100 18.6600 0.7800 0.5200 4.3800
1 121.5057 23.4722 -47.8800 49.5200 -8.3800 0.0300 0.0200 0.1200
1 121.1760 24.7767 -2.2200 5.2000 -4.5000 0.0700 0.0400 0.3000
1 120.3343 23.6266 -3.4800 4.1900 -48.0300 0.0300 0.0200 0.1700
1 121.1642 23.0497 -29.1800 15.2100 -8.9900 0.1000 0.0400 0.1800
1 120.5070 23.3310 -22.7900 5.3100 6.7600 0.0400 0.0200 0.0800
1 121.0804 25.0411 -1.4200 2.1400 -0.1800 0.0300 0.0200 0.1100
1 120.6980 23.9463 -7.6200 2.5900 -4.6600 0.0200 0.0100 0.0800
1 120.1533 23.5733 NaN NaN -15.3519 NaN NaN 0.1240
1 120.4495 22.7761 NaN NaN -1.4418 NaN NaN 0.4150
1 120.7399 23.5294 -28.7200 3.5900 4.3200 0.1700 0.1300 0.7200
1 121.5581 22.0373 -69.7700 48.2300 -2.8700 0.0700 0.0700 0.2100
1 120.6873 22.4119 -55.0700 2.1600 -4.1700 0.0600 0.0700 0.3100
1 118.2393 24.4407 -0.2600 -0.7500 -1.7100 0.0500 0.0400 0.2000
1 120.6354 22.9929 -54.0100 0.9300 8.8700 0.0500 0.0300 0.2200
1 120.3292 22.8833 -27.0100 -7.4100 5.3300 0.8900 0.7600 4.3300
1 120.5279 22.7586 -57.3000 -3.5900 0.1300 0.0600 0.0300 0.1500
1 120.3691 22.3467 -51.5900 -25.5800 -1.4000 0.0900 0.0400 0.2300
1 120.7818 24.3431 -3.2700 2.1300 -1.5700 0.0400 0.0300 0.2100
1 120.4026 22.9946 -23.7900 -6.4600 12.3100 0.0200 0.0100 0.0800
1 121.9178 25.1003 7.2200 -2.6100 1.6600 0.7700 0.5800 2.8600
1 121.9181 25.0974 3.1100 1.8500 1.3400 0.0900 0.0300 0.2400
1 120.5922 23.7574 -4.6000 2.2300 -6.0400 0.0200 0.0200 0.1100
1 121.3782 25.0764 1.3100 3.6600 -4.0500 0.0200 0.0100 0.1000
1 120.4081 22.6885 -45.3000 -11.4000 14.9900 3.0500 2.4300 11.6400
1 121.1306 22.9063 -38.2800 18.8400 1.7800 0.0500 0.0700 0.1100
1 120.7012 23.4686 -24.8400 3.7500 -1.0500 0.3300 0.2200 1.2400
1 120.7012 23.4686 -28.7500 3.8600 -1.0500 0.4100 0.2800 1.2400
1 120.7012 23.4686 -24.8400 3.7500 -0.6300 0.3300 0.2200 1.5900
1 120.7012 23.4686 -28.7500 3.8600 -0.6300 0.4100 0.2800 1.5900
1 121.1822 24.0294 -24.2300 10.7800 3.9900 0.0300 0.0300 0.1200
1 120.6342 24.1534 -4.8500 1.7000 -7.8700 0.0300 0.0200 0.1300
1 121.7716 24.7000 11.4600 -5.6200 -7.5600 0.0300 0.0200 0.1100
1 121.4759 22.6581 -68.5300 48.6300 -0.4200 0.0400 0.0200 0.1600
1 120.3488 23.2270 -9.9100 1.5600 -2.8300 0.1000 0.0400 0.2000
1 120.4351 24.0600 -2.4100 -0.0700 -7.1000 0.0300 0.0200 0.1700
1 121.1861 24.0352 -23.6500 9.6600 -3.4200 0.0800 0.0400 0.2600
1 120.2167 23.5993 0.0180 1.5540 -24.4760 3.4750 0.7380 5.2870
1 120.7744 23.7562 -26.2770 4.3650 -5.7850 1.7030 0.4340 3.8750
1 121.3081 24.3377 -6.8890 9.7250 11.3680 2.2880 1.5530 4.1330
1 120.5845 24.1381 -3.8110 2.5900 -0.8040 1.6190 0.6510 2.6520
1 120.6551 24.3563 -5.6710 1.9990 2.5340 2.9590 1.1460 3.0500
1 120.7645 24.6013 -4.2600 1.5800 -5.1190 2.6680 0.5940 4.3620
1 120.4462 23.9786 -6.0770 -0.9940 -27.7580 4.5200 1.3270 14.3300
1 120.6348 23.9276 -5.9990 2.0140 0.4960 2.0860 0.7250 3.0920
1 120.7500 24.1031 -14.8420 3.4040 -3.0670 3.1090 0.7630 3.2430
1 120.7519 24.4676 -5.2820 3.9320 -2.5230 2.3680 0.4640 3.2520
1 120.7862 24.4207 -5.3480 4.1440 -8.1270 2.9100 1.2720 7.3400
1 120.7302 24.3773 -7.1380 -0.5090 0.4060 4.7820 1.4520 7.4360
1 120.6497 24.0310 -6.0860 3.0550 -3.0220 2.1830 1.2630 4.1260
1 120.7854 24.3340 -8.9670 1.8340 8.1220 3.6570 1.0210 5.8820
1 120.4749 24.0902 -3.0740 1.1660 -3.3070 1.5700 0.7770 3.3030
1 120.9083 23.9512 -22.3280 12.2060 -5.3340 2.4680 0.9470 6.2710
1 120.8108 24.3754 -3.7840 3.2210 -3.0520 1.4610 0.8160 2.5200
1 120.8064 24.5439 -4.2440 2.5850 -3.7870 0.7340 0.1550 1.7370
1 120.6068 24.2985 -3.0620 1.3260 -4.2350 0.6840 0.4010 1.4240
1 120.5070 23.9531 -6.5010 2.1790 -30.4340 5.1000 1.6090 5.6330
1 120.3257 23.9679 -6.5540 2.7560 -9.0940 5.4410 1.9490 4.9400
1 120.5886 24.2498 -3.2290 4.5450 4.3860 7.0500 2.6160 22.2090
1 121.3306 25.0167 1.3630 3.3820 0.0230 0.2040 0.1870 0.8110
1 120.6521 22.7076 -59.8100 1.4200 -1.7700 0.0500 0.0300 0.1500
1 119.9231 26.1694 0.0000 1.5700 -5.7500 0.6500 0.4900 2.5100
1 119.9231 26.1694 -1.0200 -0.3700 -5.7500 0.3000 0.2500 2.5100
1 119.9231 26.1694 0.0000 1.5700 1.7000 0.6500 0.4900 1.2600
1 119.9231 26.1694 -1.0200 -0.3700 1.7000 0.3000 0.2500 1.2600
1 120.6967 23.2404 -31.9800 2.0100 -8.0900 0.3300 0.2700 1.4000
1 120.6967 23.2404 -37.9600 2.7600 -8.0900 0.4300 0.3700 1.4000
1 120.6967 23.2404 -31.9800 2.0100 7.8300 0.3300 0.2700 1.7900
1 120.6967 23.2404 -37.9600 2.7600 7.8300 0.4300 0.3700 1.7900
1 120.8263 23.2636 -37.1900 4.2500 6.6000 0.0600 0.0200 0.1600
1 121.1725 24.0822 -29.0400 15.6900 3.7500 0.0300 0.0200 0.1000
1 120.8103 24.5835 -4.0000 2.3400 -3.1000 0.0200 0.0100 0.0700
1 120.7209 23.2754 -32.4600 4.5100 3.2200 0.0400 0.0400 0.1700
1 120.2632 22.7959 -27.0100 -5.7700 -1.0200 0.0800 0.1000 0.3000
1 120.5715 22.8773 NaN NaN 0.9323 NaN NaN 1.1630
1 120.6262 22.8964 NaN NaN 4.5283 NaN NaN 0.9780
1 120.5538 22.9000 -53.4700 -2.2700 -1.4800 0.0700 0.0400 0.2000
1 121.0268 23.2005 -33.8800 7.2600 3.8200 0.0400 0.0200 0.1100
1 120.5573 23.5779 -11.7300 5.7200 0.3900 0.0500 0.0300 0.1700
1 120.8372 22.1762 -48.1700 12.0200 7.1800 0.9600 0.6000 4.3300
1 119.9332 26.1571 0.0600 0.6000 -0.9500 0.0400 0.0300 0.2800
1 121.5534 25.1707 1.8110 3.5230 -3.4150 0.2500 0.1600 1.2820
1 121.6355 25.0231 2.7750 2.3090 -2.7630 0.3640 0.2190 1.4080
1 121.8656 25.0930 2.2360 2.4930 -1.1590 0.2010 0.1550 1.3400
1 121.3842 24.9958 1.5090 2.8320 1.2930 0.4070 0.1740 1.3890
1 121.3036 24.6927 -2.4100 6.8650 0.3850 1.5450 0.4040 5.5090
1 121.9993 25.0056 2.3720 2.2450 -0.0060 0.2750 0.2810 1.6410
1 121.5639 24.5092 11.0410 8.2920 -0.3170 0.7920 0.3580 3.8890
1 121.7607 24.5376 19.5620 -11.5040 -5.7530 0.3420 0.1620 1.9770
1 121.8679 24.5939 19.2750 -25.7420 -3.6060 0.5330 0.4710 1.3130
1 121.7780 24.3973 11.0420 -13.3580 -7.8760 1.4100 0.6160 2.2610
1 121.7757 25.1431 3.6670 0.9590 -2.5580 0.4190 0.2610 1.5700
1 121.8017 24.8704 2.0510 0.4730 -1.9280 0.5730 0.4750 2.4310
1 121.6074 25.1291 3.0410 1.9290 -2.0250 0.2460 0.1740 1.3360
1 121.6992 25.1089 3.6850 1.7160 -1.5570 0.2810 0.2780 1.7020
1 121.6699 25.1774 3.7780 1.7240 -0.1800 0.2200 0.1940 1.0750
1 121.5234 24.9879 2.2950 2.5160 -1.2310 0.4440 0.2080 1.4110
1 121.6483 24.9425 3.3050 1.8180 -2.0890 0.3860 0.1930 2.0860
1 121.7908 24.6599 17.4660 -11.3260 -6.2690 0.3880 0.4990 1.5170
1 121.6781 24.6935 9.1760 -1.5850 -6.2240 0.3390 0.3660 1.1430
1 121.6196 24.9672 3.2710 1.8000 -1.6390 0.4960 0.1330 1.2450
1 121.4515 25.0367 2.9180 3.0770 -4.6410 0.4370 0.2430 1.7220
1 121.6360 25.1045 2.8260 2.0100 -2.3960 0.2380 0.1460 1.2400
1 120.3197 23.0499 NaN NaN -1.3178 NaN NaN 0.1710
1 120.3484 23.0683 NaN NaN 2.3487 NaN NaN 0.3660
1 121.6947 25.2102 2.6780 1.8850 1.8320 0.7350 0.5720 4.4440
1 121.3266 25.1155 1.2220 2.1960 1.0770 0.3090 0.2660 1.8520
1 121.9191 25.1208 3.1820 1.3880 -0.6830 1.1060 0.3710 3.5260
1 121.1283 24.6960 -3.6390 6.5670 -1.2330 0.6740 0.2540 1.4280
1 121.8077 24.6376 16.7890 -14.8360 -5.6470 0.7370 0.5420 2.3060
1 121.2226 24.8606 -0.6720 4.0640 -3.9510 0.4550 0.1460 1.5430
1 121.7639 24.7185 12.0150 0.0000 -8.5060 0.3420 0.5940 1.9270
1 121.4574 25.1134 1.9300 2.9090 -2.8250 0.3030 0.1570 2.5570
1 121.8102 24.4493 8.0000 -16.9400 -8.6100 0.0400 0.0400 0.1600
1 120.2744 23.1020 -7.5300 -0.6200 -1.0600 0.0600 0.0200 0.1500
1 120.3263 22.7282 -51.1100 -14.0400 -10.1000 0.5500 0.4700 2.2600
1 120.2758 22.9385 -24.3600 -0.9900 1.4600 0.0400 0.0200 0.1100
1 120.9973 24.7888 -0.7300 3.8100 -2.1200 0.0500 0.0300 0.2700
1 121.5508 23.8972 -29.0200 18.6300 -8.6400 0.0300 0.0300 0.1200
1 120.4201 22.9081 -39.4700 -4.2400 11.2400 0.0500 0.0400 0.2200
1 121.4530 23.4062 -46.9100 48.2300 -6.1400 0.0400 0.0300 0.1400
1 121.5616 24.6348 5.1800 6.0700 0.5000 0.0300 0.0200 0.1300
1 120.4403 23.3970 -7.8400 -5.2800 -0.6400 0.8600 0.7300 2.8700
1 120.5714 22.5039 -58.3600 -0.5900 -9.7500 0.0200 0.0200 0.1200
1 120.2921 22.9670 NaN NaN 6.7403 NaN NaN 0.7080
1 120.4839 22.8808 NaN NaN 1.6221 NaN NaN 1.4240
1 120.2981 22.9644 NaN NaN 7.2293 NaN NaN 0.7170
1 120.2734 22.9691 NaN NaN 6.2935 NaN NaN 0.8410
1 120.4717 22.8847 NaN NaN -4.0163 NaN NaN 0.8600
1 120.2676 22.9698 NaN NaN 4.2934 NaN NaN 0.6500
1 120.1686 23.0009 NaN NaN -6.4960 NaN NaN 0.4560
1 121.3828 24.4282 -4.7700 10.2700 7.2500 0.0500 0.0400 0.2000
1 120.8009 24.2258 -12.4500 5.2200 0.0300 0.0300 0.0200 0.1300
1 120.4276 23.7330 -2.0700 0.4900 -39.0800 0.2900 0.2100 1.4100
1 121.2823 23.1145 -63.6300 48.7420 3.8010 1.5580 0.4960 2.9770
1 120.6360 23.9157 -5.0600 2.3200 -2.6100 0.0200 0.0100 0.0800
1 119.5637 23.5652 -1.3100 -1.2300 2.8900 0.1100 0.1900 0.5600
1 120.7029 23.1086 -42.3300 2.3900 12.0800 0.0600 0.0300 0.1600
1 120.9503 24.7149 -2.7100 5.0500 -0.7500 0.0200 0.0100 0.0800
1 120.1686 23.2938 -5.1500 -1.2600 -22.2500 0.1700 0.0600 0.6800
1 121.1231 22.8011 -49.1900 7.5400 -0.5000 0.0300 0.0600 0.1500
1 120.9760 24.5388 -6.0800 7.7000 -5.4800 0.1700 0.0600 0.4500
1 121.6103 24.0179 -18.3000 10.1000 -2.9900 0.0400 0.0300 0.1800
1 121.4543 23.3195 -47.7500 50.8800 -2.5100 0.0400 0.0300 0.1000
1 120.6406 23.7561 -5.4800 2.5300 -6.6200 0.0200 0.0100 0.0700
1 120.3055 23.5799 -1.7000 2.9900 -21.3100 0.0300 0.0200 0.1400
1 121.0866 24.5790 -2.7900 15.9100 9.4800 0.4400 2.1100 5.6300
1 120.9820 23.9739 -27.0700 12.1900 6.0400 0.0500 0.0300 0.1900
1 121.7140 24.9336 1.2900 1.3200 -1.1000 0.0400 0.0300 0.1600
1 122.0794 25.6275 -30.1600 -14.2500 -28.3800 26.5800 21.1600 69.2700
1 120.4597 22.6499 -57.0400 -8.4700 1.8700 0.0600 0.0300 0.2000
1 120.5201 23.9649 -0.7100 -1.0100 -13.2900 0.0800 0.0500 0.2200
1 120.7474 21.9911 -54.2910 2.2340 -6.7210 1.5730 0.4960 3.3400
1 120.7558 21.9699 NaN NaN -0.6951 NaN NaN 0.1140
1 120.7641 21.9603 NaN NaN -0.4390 NaN NaN 0.2070
1 120.7797 21.9488 NaN NaN 4.0842 NaN NaN 0.0100
1 120.7965 21.9464 NaN NaN 3.1622 NaN NaN 0.3510
1 120.8116 21.9357 NaN NaN 1.1483 NaN NaN 0.5000
1 120.8329 21.9247 NaN NaN 2.9032 NaN NaN 0.3800
1 120.8482 21.9128 NaN NaN 1.9503 NaN NaN 0.4360
1 120.8537 21.9014 NaN NaN 1.9924 NaN NaN 0.5320
1 120.8318 21.9935 NaN NaN -0.6246 NaN NaN 0.2990
1 120.7538 22.0039 NaN NaN -5.1692 NaN NaN 0.5910
1 120.7721 22.0074 NaN NaN 3.9340 NaN NaN 0.3040
1 120.7873 22.0082 NaN NaN 1.5958 NaN NaN 0.8750
1 120.8010 22.0052 NaN NaN -0.8963 NaN NaN 0.2660
1 120.6454 22.8798 NaN NaN 5.1049 NaN NaN 1.4260
1 120.6364 22.8743 NaN NaN 5.0592 NaN NaN 1.4100
1 120.6171 22.8555 NaN NaN 3.4063 NaN NaN 1.4280
1 120.6099 22.8485 NaN NaN 2.5380 NaN NaN 1.5020
1 120.5992 22.8260 NaN NaN 1.4206 NaN NaN 1.5130
1 120.6146 22.7883 NaN NaN -2.2085 NaN NaN 2.1110
1 120.3591 23.0730 NaN NaN 0.1983 NaN NaN 0.6150
1 120.5086 23.4589 -14.0300 3.6300 -0.4500 0.0300 0.0200 0.1000
1 120.5956 23.1731 -38.0400 18.6200 -7.1100 1.6600 1.2000 4.5900
1 120.3395 23.2054 -9.0700 2.2700 -1.8900 0.0300 0.0300 0.0700
1 120.4883 23.0595 -33.3700 2.0000 2.4700 0.0700 0.0400 0.1500
1 120.8029 24.1795 -14.9700 3.2400 -2.4100 0.0300 0.0200 0.0700
1 121.2914 25.1021 1.2120 2.5460 3.7620 0.8520 0.2870 4.1680
1 119.5924 23.6553 0.2800 -2.5200 -5.1300 0.6100 1.1700 3.7400
1 120.1888 23.3825 -0.7170 0.0020 -26.5340 0.9490 0.6030 3.6210
1 121.5181 25.1271 2.1710 2.8510 0.1500 0.3570 0.7540 2.5940
1 120.3817 22.5301 -42.9080 -19.0730 2.3940 1.4500 0.5210 2.4200
1 120.6520 22.5823 -57.2750 2.6020 0.4030 2.1060 0.6650 4.3250
1 120.3787 22.3409 -45.0760 -21.5910 1.4910 1.2860 0.5180 2.2750
1 120.2527 22.7701 -23.7130 -3.8910 1.2760 1.3680 0.7480 5.0370
1 121.0224 22.6778 -50.6140 15.1860 -5.6170 1.7810 0.7010 2.6520
1 120.7789 21.9684 -55.2490 9.6210 -1.2400 0.8310 0.6520 1.0390
1 120.5015 23.6607 -3.5490 3.7740 -7.0670 0.9370 0.2790 2.8870
1 121.6511 25.2293 2.6050 2.1080 0.9230 0.2900 0.1960 1.2190
1 121.6139 25.0405 2.5100 2.4000 -2.5400 0.0200 0.0100 0.1000
1 120.4752 23.5644 -6.9500 3.8300 0.0100 0.0200 0.0100 0.0700
1 121.1894 22.8208 -55.3700 42.2300 -0.9600 0.0300 0.0200 0.1100
1 121.1129 22.9517 -31.3500 11.4200 -3.4900 0.0400 0.0300 0.0900
1 120.3341 23.0508 -16.1600 -3.5700 0.4500 0.0300 0.0300 0.0700
1 120.2477 22.9850 -15.7040 -0.3890 0.1770 0.7260 0.3500 3.0370
1 120.4110 23.0567 -20.4840 -4.5720 14.9980 0.9810 0.3890 2.6870
1 120.3520 22.9048 -30.3860 -7.7440 4.4140 3.4110 0.9870 2.6180
1 120.9341 23.9544 -24.4500 11.6100 2.6200 0.0300 0.0200 0.1100
1 120.5033 22.9423 -50.2900 -2.4900 2.1100 0.0800 0.0200 0.0900
1 120.7676 23.7460 -26.1300 10.0500 -1.4100 0.0300 0.0200 0.1000
1 121.2405 22.9630 -68.5580 50.5500 -0.4760 2.6550 1.4800 5.0210
1 121.3045 22.9712 -70.1560 51.8810 -4.9150 2.2380 0.6630 3.2100
1 121.2171 22.9430 -67.9340 50.2540 7.6410 5.2800 1.1100 4.2280
1 121.1599 23.0442 -51.9360 21.5460 -6.5230 3.0740 0.7290 2.8170
1 120.6062 22.6450 -54.0900 1.6200 -1.8800 0.0500 0.0300 0.1900
1 121.1373 22.9790 -51.3340 21.9140 -4.9640 2.2850 0.5590 3.6550
1 120.2932 22.7587 -42.8870 -6.3770 -4.1780 1.1950 0.3990 2.4040
1 121.1552 22.7602 -61.0320 20.0460 -6.6000 2.0800 0.9180 3.3620
1 121.0628 22.7653 -56.5960 16.4510 -0.3850 2.1090 0.6820 2.7390
1 121.0534 22.7907 -47.2320 16.3840 -2.7400 3.2660 0.7210 1.7910
1 120.8076 21.9658 -49.6370 10.7730 -1.1740 0.9350 0.7850 1.2030
1 120.6229 23.2143 -32.8100 5.0400 3.3390 2.8680 0.9400 7.5170
1 120.2755 23.4178 -5.4090 1.6750 -8.5290 1.2030 0.5670 2.9630
1 121.4574 25.0775 1.7840 3.0510 -4.3780 0.2880 0.1780 2.0670
1 120.6038 23.4590 -16.5830 5.8680 4.1980 0.9190 0.5090 3.9780
1 120.6983 22.0100 -50.1600 -0.1070 -10.4110 1.8060 0.5720 13.8260
1 120.3942 22.6964 -53.9580 -7.3300 6.5640 1.3420 1.0090 3.7070
1 120.4199 22.7533 -52.8840 -8.3350 2.4750 2.1590 0.5910 3.1730
1 120.7216 21.9459 -57.5040 0.7290 2.5970 0.7970 0.6710 1.0620
1 120.5783 24.1445 -2.8200 1.5300 -4.1300 0.0200 0.0200 0.1000
1 120.2995 22.6476 -45.9200 -21.1300 9.2300 0.7900 0.8000 3.7800
1 120.6406 22.7173 -58.7300 1.5400 0.4700 0.0400 0.0400 0.1200
1 120.7687 24.4144 -4.4100 1.9400 -4.6900 0.1500 0.0600 0.6800
1 121.5009 25.2608 -0.3500 1.5700 -3.1200 0.0200 0.0100 0.0900
1 120.7686 23.6645 -24.4600 11.4900 0.9100 0.0300 0.0300 0.1200
1 120.4118 22.4795 -41.4300 -18.4500 -2.3600 0.7300 0.6800 3.0700
1 120.1247 23.3014 -6.4100 0.5100 -4.6500 0.7600 0.4500 2.7100
1 121.6516 24.1278 -13.6900 3.5800 -6.3000 0.0400 0.0300 0.1500
1 121.0102 24.9329 -0.6400 1.8300 -4.8900 0.0200 0.0100 0.0800
1 120.3497 22.5813 -46.9000 -19.2600 -3.6700 0.0300 0.0300 0.1200
1 120.6919 24.2716 -4.3500 2.2100 -5.4500 0.0200 0.0200 0.1100
1 121.1995 23.1089 -27.9500 17.7400 -10.0000 0.0800 0.0300 0.1400
1 120.9220 24.8451 -1.1900 2.6800 -2.9600 0.0200 0.0100 0.1000
1 120.5783 24.1445 -1.8100 3.9800 -3.1700 0.7800 0.5000 3.1700
1 121.5622 25.2915 0.0600 2.3600 -2.8000 0.0300 0.0200 0.1100
1 121.5627 23.7876 -28.4600 31.3700 -16.0700 0.0300 0.0300 0.1200
1 120.3478 23.0214 -21.8000 -3.4700 1.4100 0.0600 0.0400 0.2000
1 121.6544 24.1257 -13.2900 5.0700 -5.2100 0.0500 0.0300 0.2000
1 121.4298 23.6363 -33.7100 22.3500 -44.9700 2.6500 1.8300 8.3500
1 121.5424 24.9668 0.8600 2.8800 -4.5800 0.0400 0.0200 0.1200
1 121.2546 22.9083 -51.3400 44.0100 -1.4600 0.0200 0.0300 0.0900
1 120.8532 23.6965 -26.9600 11.4200 4.9200 0.0400 0.0300 0.1600
1 120.4982 23.8538 -3.3300 -1.6700 -22.3500 0.2900 0.1700 0.9700
1 120.4813 23.4285 -11.0200 2.9300 4.1400 0.0400 0.0200 0.1500
1 121.4414 23.8119 -24.9800 18.7800 -2.7700 0.0800 0.0600 0.2100
1 121.6356 24.7531 3.0400 1.3000 -2.8700 0.0200 0.0200 0.1000
1 120.3475 23.5522 NaN NaN -7.8711 NaN NaN 0.4950
1 121.5982 23.8703 -26.6000 29.6400 -13.3500 0.0400 0.0300 0.1700
1 120.9858 24.3978 -9.2300 8.1400 -0.7700 0.0300 0.0200 0.1700
1 121.4849 24.2050 -8.4800 9.4200 9.7200 0.0300 0.0200 0.1200
1 120.3778 23.4142 -9.4100 2.1300 -1.0100 0.0500 0.0100 0.1000
1 120.9793 24.6356 -2.1900 5.2200 -1.9100 0.0300 0.0300 0.1300
1 120.2999 23.4776 -3.9100 0.5700 -5.4300 0.0200 0.0100 0.1100
1 121.8671 24.5924 18.7500 -24.5400 -6.7500 0.0300 0.0300 0.1600
1 120.9076 24.2911 -7.6700 3.1100 3.3500 0.0900 0.0900 0.2400
1 120.9084 23.8812 -23.5900 12.2500 1.7100 0.0400 0.0300 0.1700
1 120.3761 22.7631 NaN NaN -4.9306 NaN NaN 1.0170
1 120.9758 24.8053 -0.6120 2.9290 -1.8910 3.9420 0.6040 7.5280
1 120.5652 22.7854 NaN NaN -2.9711 NaN NaN 2.5340
1 121.0156 24.7787 -1.7800 4.2020 -3.0250 0.6230 0.3230 1.9130
1 121.0183 24.7662 -1.5330 6.2490 -4.1970 0.6900 0.7180 1.9650
1 121.0125 24.7877 -1.9900 4.1150 -4.3120 0.5710 0.2500 1.7740
1 120.9940 24.7989 0.1440 3.4780 -5.0200 1.7870 0.4920 2.1350
1 120.9637 24.8415 -1.7520 2.4610 -2.3510 0.5160 0.1980 1.2090
1 120.9396 24.8383 -0.7820 3.1270 -2.7660 0.5060 0.1910 1.5570
1 120.9407 24.8053 -2.1130 3.2320 -3.1930 0.6530 0.3430 2.8590
1 121.0087 24.6290 -3.5620 6.1200 -1.6740 0.4500 0.1700 1.4810
1 120.9728 24.6346 -4.0500 5.4220 -0.5890 0.8800 0.2400 1.4820
1 120.6277 22.8662 NaN NaN 4.3275 NaN NaN 1.3820
1 120.5794 22.7858 NaN NaN -4.7690 NaN NaN 6.5260
1 121.5844 25.0363 3.2400 2.4070 -0.4920 0.2490 0.1410 1.1590
1 120.8022 21.9834 -51.3960 17.6150 -9.3970 0.8470 0.7000 1.1000
1 120.8423 21.9154 NaN NaN 1.9506 NaN NaN 0.4780
1 120.5351 24.2908 -1.7000 1.5200 -6.1100 0.0600 0.0200 0.1200
1 121.6732 25.0345 2.7200 1.5000 -3.2900 0.0300 0.0200 0.1200
1 121.4269 25.1815 -2.0600 0.6500 -2.4200 0.1100 0.0500 0.2000
1 121.2309 23.1256 -34.3200 19.5300 -12.8500 0.0600 0.0300 0.1200
1 120.6069 23.5613 -18.6100 5.1100 0.6000 0.0300 0.0300 0.1200
1 121.2374 23.1271 -46.0300 44.3400 10.0300 0.0300 0.0500 0.1400
1 120.5854 23.2508 -29.1800 7.5900 6.7400 0.0500 0.0400 0.1300
1 120.1888 23.7203 0.9700 0.1600 -16.2000 0.0400 0.0200 0.2400
1 120.6951 24.4613 -4.4700 1.1600 -2.3900 0.3500 0.1000 0.4400
1 120.8870 23.4814 -55.3400 18.6800 -11.1100 0.1900 0.1100 0.9700
1 120.7642 23.1593 -39.1400 5.2700 8.4900 0.0500 0.0400 0.1500
1 121.8673 25.0326 1.9190 1.9900 -0.5110 0.5370 0.3120 4.1530
1 121.8323 25.0287 2.2970 1.9060 -0.6780 0.2840 0.3080 3.5810
1 120.6293 24.4206 -4.0600 3.1400 -5.8600 0.5400 0.3900 1.7800
1 120.5013 24.1987 -2.2000 0.4000 -10.5000 0.4300 0.2600 1.8200
1 120.6976 24.0283 -5.8900 4.9800 -8.2400 0.4300 0.2600 1.7600
1 120.8706 24.2823 -9.2900 4.7800 5.2000 0.4500 0.2700 1.7700
1 120.8639 24.1595 -11.7800 6.5000 -6.1200 0.4400 0.3000 1.8800
1 121.0253 24.2794 -36.7900 4.9900 -94.2200 12.4500 11.6800 57.0600
1 121.0070 24.2034 -7.2400 9.7400 -27.4600 0.6400 0.5200 2.9400
1 121.3387 24.3684 -5.8100 10.1100 9.8400 0.6500 0.4200 2.3100
1 121.2458 24.2450 -13.3800 13.7000 6.7500 0.5500 0.3700 2.0000
1 120.9874 24.7980 -1.4800 3.8000 -2.1400 0.0200 0.0100 0.0900
1 121.2308 24.9474 -0.7700 2.7500 -2.7100 0.0200 0.0200 0.1000
1 120.6550 24.3562 -2.1000 1.2400 -2.7500 0.0200 0.0200 0.1100
1 120.9157 23.2778 -24.4000 5.8600 -0.5200 0.2300 0.0800 0.3800
1 121.2956 24.6071 -1.7300 10.1300 0.1900 0.0200 0.0200 0.1000
1 120.9407 24.4650 -6.8900 7.5400 -4.5100 0.0600 0.0500 0.2800
1 120.3898 23.6880 -1.5500 0.7300 -61.2700 0.0500 0.0400 0.4400
1 120.9599 22.6489 -34.4000 11.4100 -0.9300 0.0600 0.0500 0.1600
1 121.0075 22.6161 -34.7500 9.7900 -3.1100 0.0800 0.0500 0.2700
1 120.1491 22.9980 -4.4190 -0.1180 -3.9887 0.8700 0.3560 0.2390
1 120.1491 22.9980 -4.4190 -0.1180 -5.9560 0.8700 0.3560 1.6440
1 120.1795 22.9962 -7.6300 0.0190 -3.9522 0.8790 0.3610 0.6120
1 120.1795 22.9962 -7.6300 0.0190 -7.0210 0.8790 0.3610 2.7640
1 120.1980 22.9906 NaN NaN -0.2629 NaN NaN 0.4790
1 120.2113 22.9889 -12.5670 0.3670 1.7280 0.7720 0.4150 0.3220
1 120.2113 22.9889 -12.5670 0.3670 4.7060 0.7720 0.4150 2.0970
1 120.2304 22.9823 NaN NaN 3.6068 NaN NaN 0.0100
1 120.2387 22.9748 NaN NaN 3.9099 NaN NaN 0.2840
1 120.2421 22.9741 NaN NaN 5.4162 NaN NaN 0.3850
1 120.2616 22.9697 NaN NaN 3.0465 NaN NaN 0.6110
1 120.2984 22.9645 NaN NaN 7.1768 NaN NaN 0.7220
1 120.9873 24.7980 -0.2600 2.6000 -3.7600 0.8100 0.5800 1.1400
1 120.9248 24.6620 -3.4000 3.8400 -1.4600 0.0200 0.0100 0.0800
1 121.6328 25.2569 1.0500 1.8200 -1.4000 0.0200 0.0100 0.0900
1 120.3519 22.9042 -25.3300 -5.1600 -3.9200 0.1000 0.0900 0.5100
1 120.7041 24.4728 -2.7000 2.1300 -2.0800 0.0200 0.0200 0.1000
1 121.1476 22.7471 -44.1500 12.6700 -10.0400 0.0700 0.0500 0.2700
1 121.0807 22.7645 -42.8400 9.2400 -6.8600 0.0400 0.0800 0.1400
1 121.4961 24.5748 5.1300 7.8600 6.1300 0.0400 0.0200 0.1700
1 121.3002 23.0752 -43.5400 43.3800 0.8800 0.0600 0.0300 0.1400
1 121.4936 23.9652 -21.6700 15.5200 -0.9600 0.0400 0.0300 0.1900
1 120.4040 23.3172 -7.4200 1.2900 -3.9400 0.0800 0.0400 0.2300
1 121.1645 24.9536 0.8500 1.9500 1.8300 0.0300 0.0200 0.1100
1 120.4982 24.1172 -1.7700 0.6900 -4.6800 0.0700 0.0500 0.2900
1 120.3735 23.8999 -3.0800 0.8500 -49.0900 0.0300 0.0200 0.3400
1 120.5495 23.5357 -13.2900 3.3200 -1.5300 0.0300 0.0200 0.1100
1 120.6643 23.5408 -20.4000 3.8900 1.1500 0.0200 0.0200 0.0800
1 121.4116 23.4988 -64.3700 43.7920 -3.7220 1.3300 0.4830 2.5360
1 121.1538 22.9013 -68.8160 38.1120 1.7800 1.5840 0.8500 2.1200
1 120.5263 23.1868 -31.6000 5.4100 5.9200 0.0800 0.0500 0.1800
1 121.6376 25.1694 2.8700 1.5000 -3.0600 0.0200 0.0100 0.0900
1 120.8852 23.6075 -32.9600 12.0800 7.8000 0.0500 0.0200 0.0900
1 121.4409 23.8120 -25.2900 19.4100 -6.9800 0.0600 0.0400 0.1800
1 120.5043 22.6061 -53.7400 -2.4300 -4.7900 0.0400 0.0200 0.1300
1 120.6995 24.0419 -7.6200 3.4900 -5.0700 0.0300 0.0200 0.1100
1 120.3477 22.9192 -23.4400 -8.6700 8.6800 1.3200 1.1700 4.0900
1 119.4808 23.5675 -1.5000 0.0000 -2.0100 0.0400 0.0400 0.2000
1 121.0586 24.6746 -3.1900 5.9500 0.0000 0.0200 0.0100 0.1000
1 120.7406 21.9630 NaN NaN -2.3096 NaN NaN 0.2630
1 120.6994 24.0428 -7.8600 2.5200 -4.7400 0.0100 0.0100 0.0700
1 120.7761 24.5221 2.7800 2.8700 -8.7900 2.4500 1.3400 7.5600
1 120.7761 24.5221 -2.7500 3.4300 -8.7900 0.3700 0.2800 7.5600
1 120.7761 24.5221 2.7800 2.8700 -1.6300 2.4500 1.3400 1.6800
1 120.7761 24.5221 -2.7500 3.4300 -1.6300 0.3700 0.2800 1.6800
1 121.3229 23.2788 -40.3100 41.2300 5.6400 2.3800 1.3900 7.7900
1 121.4007 25.1173 0.5300 2.7800 -3.7700 0.0200 0.0100 0.1000
1 121.3085 24.3523 -7.2000 12.0400 5.6600 0.0600 0.0400 0.1900
1 121.0415 23.1693 -33.7200 12.0500 6.2200 0.0600 0.0300 0.2000
1 120.3682 23.2052 -11.9000 0.9800 0.9700 0.0500 0.0200 0.1500
1 120.1347 23.2415 NaN NaN -6.7514 NaN NaN 1.2820
1 120.3158 23.2401 NaN NaN 3.8252 NaN NaN 0.6410
1 120.4618 23.1203 NaN NaN -0.7464 NaN NaN 0.8750
1 120.2053 22.9925 NaN NaN -2.3993 NaN NaN 1.1860
1 120.2246 22.8768 NaN NaN -3.8092 NaN NaN 0.6490
1 120.7433 22.0073 NaN NaN -3.6383 NaN NaN 0.6200
1 120.8180 21.9937 NaN NaN 1.4656 NaN NaN 0.1910
1 120.1880 23.2321 NaN NaN -6.6005 NaN NaN 0.8900
1 120.4852 23.1828 NaN NaN 8.8876 NaN NaN 2.0740
1 120.2465 22.8798 NaN NaN 8.5373 NaN NaN 0.5930
1 120.5915 23.0814 -34.5900 -2.3600 -1.9300 0.3500 0.3800 1.4700
1 120.5915 23.0814 -41.0600 0.4900 -1.9300 0.4600 0.3500 1.4700
1 120.5915 23.0814 -34.5900 -2.3600 5.5900 0.3500 0.3800 1.8500
1 120.5915 23.0814 -41.0600 0.4900 5.5900 0.4600 0.3500 1.8500
1 121.1853 24.9085 -0.7700 4.0300 0.0100 0.0200 0.0200 0.0900
1 120.3762 22.7635 -57.1300 -10.2800 1.1600 0.0800 0.0400 0.2700
1 121.6018 23.9035 -26.2500 27.1400 -10.9300 0.0200 0.0200 0.0800
1 121.7457 24.7461 8.8800 -2.0100 -9.5800 0.5500 0.2400 1.0200
1 120.4668 23.1236 -33.9900 2.1500 -0.8000 0.7800 0.5000 2.6400
1 121.5396 25.1789 1.4900 2.1500 -0.4800 0.0700 0.0500 0.3400
1 121.5607 25.1484 2.1500 2.0500 -3.4600 0.0500 0.0400 0.2200
1 121.6049 25.1466 2.8700 1.4700 -3.5600 0.0500 0.0400 0.2100
1 121.5855 25.1876 0.9500 0.4300 -1.5100 0.0700 0.1100 0.4500
1 121.5655 25.1640 1.2200 1.9800 -3.7200 0.0600 0.0500 0.2200
1 121.5741 25.1657 2.0600 0.9700 -0.6200 0.0300 0.0200 0.1000
1 121.7789 24.8617 3.8800 1.1300 -1.5500 0.0300 0.0200 0.1200
1 120.5542 23.6261 -7.7800 5.0400 -2.9100 0.0300 0.0300 0.1100
1 120.0860 23.1466 -1.4000 -1.5700 -6.0400 0.0500 0.0100 0.0700
1 120.2223 23.7392 -2.2000 -0.6700 -28.2700 0.0300 0.0200 0.1700
1 121.3002 23.3214 -36.0300 21.1400 -11.4400 0.1200 0.0700 0.4700
1 120.7986 23.8839 -22.8400 10.0400 5.0800 0.0400 0.0200 0.1100
1 120.9591 23.4873 -39.2700 8.6600 5.5400 0.2300 0.1200 0.4700
1 121.6066 24.1027 -18.2700 8.6500 -22.3500 3.7700 2.0700 18.4800
1 120.2176 22.9433 -15.0200 -1.1900 3.2100 0.0500 0.0300 0.1900
1 120.4974 23.2197 -25.9200 0.9300 8.6800 0.1600 0.0400 0.2500
2 121.6039803 23.89805139 NaN NaN 2.3  NaN NaN 0.2
2 121.5521707 23.69950615 NaN NaN 4.2  NaN NaN 3.6
2 121.5427778 23.65444444 NaN NaN 1.8  NaN NaN 0.5
2 121.5413889 23.65277778 NaN NaN 1.8  NaN NaN 0.8
2 121.5259696 23.58427861 NaN NaN 5.0  NaN NaN 0.4
2 121.5227778 23.57277778 NaN NaN 3.2  NaN NaN 0.7
2 121.5077778 23.53277778 NaN NaN 5.3  NaN NaN 0.8
2 121.5097872 23.49097269 NaN NaN 5.0  NaN NaN 1.6
2 121.5086628 23.47860535 NaN NaN 6.1  NaN NaN 0.9
2 121.4911111 23.46916667 NaN NaN 6.0  NaN NaN 0.5
2 121.4955556 23.45777778 NaN NaN 5.1  NaN NaN 0.3
2 121.47619 23.39654 NaN NaN 6.4  NaN NaN 1.6
2 121.468863 23.37718735 NaN NaN 5.9  NaN NaN 0.3
2 121.4699001 23.37168491 NaN NaN 7.0  NaN NaN 1.1
2 121.4635873 23.35376993 NaN NaN 6.6  NaN NaN 1.2
2 121.4633824 23.35109762 NaN NaN 5.6  NaN NaN 0.2
2 121.4519335 23.32039243 NaN NaN 6.3  NaN NaN 0.2
2 121.4617483 23.31407882 NaN NaN 7.6  NaN NaN 1.0
2 121.4136111 23.25 NaN NaN 8.3  NaN NaN 0.4
2 121.4134073 23.22505796 NaN NaN 6.3  NaN NaN 1.6
2 121.3966803 23.18235136 NaN NaN 5.8  NaN NaN 0.8
2 121.3988548 23.17780359 NaN NaN 5.5  NaN NaN 0.6
2 121.4022165 23.17505883 NaN NaN 4.3  NaN NaN 1.3
2 121.4027252 23.16226147 NaN NaN 4.8  NaN NaN 0.9
2 121.4152778 23.12527778 NaN NaN 2.5  NaN NaN 0.2
2 121.3941667 23.11527778 NaN NaN 3.5  NaN NaN 0.3
2 121.3822725 23.09691076 NaN NaN 5.5  NaN NaN 1.3
2 121.3553563 23.07645946 NaN NaN 4.8  NaN NaN 0.7
2 121.354576 23.07294834 NaN NaN 4.7  NaN NaN 4.5
2 121.3323447 23.01811783 NaN NaN 3.9  NaN NaN 0.8
2 121.3275462 23.01065048 NaN NaN 4.4  NaN NaN 0.7
2 121.3058539 22.97786745 NaN NaN 6.2  NaN NaN 0.3
2 121.3115933 22.97557151 NaN NaN 8.3  NaN NaN 1.8
2 121.2634048 22.91083629 NaN NaN 6.1  NaN NaN 1.2
2 121.2446939 22.88165158 NaN NaN 6.0  NaN NaN 0.7
2 121.2286557 22.86677458 NaN NaN 6.5  NaN NaN 1.2
2 121.2208297 22.86649665 NaN NaN 6.8  NaN NaN 2.5
2 121.2167162 22.86585208 NaN NaN 7.4  NaN NaN 1.3
2 121.1862862 22.84771149 NaN NaN 10.3  NaN NaN 0.6
2 121.1872651 22.84389931 NaN NaN 11.5  NaN NaN 0.6
2 121.1894444 22.82222222 NaN NaN 10.2  NaN NaN 1.4
2 121.1893076 22.81307444 NaN NaN 11.8  NaN NaN 0.8
2 121.1944444 22.79444444 NaN NaN 8.7  NaN NaN 5.5
2 121.41163 23.47437 NaN NaN 17.9  NaN NaN 0.4
2 121.40946 23.48854 NaN NaN 18.3  NaN NaN 1.1
2 121.41042 23.49062 NaN NaN 17.1  NaN NaN 2.0
2 121.41224 23.49256 NaN NaN 25.0  NaN NaN 2.3
2 121.4523 23.4987 NaN NaN 10.4  NaN NaN 0.4
2 121.44412 23.49803 NaN NaN 12.6  NaN NaN 0.3
2 121.45634 23.49801 NaN NaN 12.0  NaN NaN 0.4
2 121.44727 23.49367 NaN NaN 11.9  NaN NaN 0.7
2 121.14933 22.90408 NaN NaN 16.7  NaN NaN 2.5
2 121.14435 22.87337 NaN NaN 15.6  NaN NaN 0.8
2 121.24661 23.1518 NaN NaN 15.5  NaN NaN 1.5
2 121.27155 23.15777 NaN NaN 8.9  NaN NaN 1.4
2 121.27018 23.14977 NaN NaN 12.9  NaN NaN 2.5
2 121.26553 23.15144 NaN NaN 12.1  NaN NaN 2.1
2 121.26047 23.17542 NaN NaN 1.9  NaN NaN 0.3
2 121.28089 23.12554 NaN NaN 0.9  NaN NaN 0.1
2 121.40759 23.58056 NaN NaN 14.3  NaN NaN 1.8
2 121.24888 23.17553 NaN NaN 25.3  NaN NaN 1.8
2 121.24499 23.1431 NaN NaN 7.7  NaN NaN 0.1
2 121.23733 23.14056 NaN NaN 36.9  NaN NaN 9.5
2 121.22416 23.10363 NaN NaN 23.5  NaN NaN 2.6
2 121.297233 23.047578 NaN NaN 4.8  NaN NaN 0.01
2 121.2922583 23.03815 NaN NaN 3.4  NaN NaN 0.02
2 121.2811667 23.008831 NaN NaN 10.8  NaN NaN 0.4
2 121.289986 23.000667 NaN NaN 5.0  NaN NaN 0.1
2 121.24317 22.96118 NaN NaN 9.4  NaN NaN 0.8
2 121.2613361 22.984028 NaN NaN 4.3  NaN NaN 0.04
2 121.261059 22.977177 NaN NaN 4.8  NaN NaN 0.1
2 121.26305 22.98222 NaN NaN 1.1  NaN NaN 0.02
2 121.2642667 22.982981 NaN NaN 1.8  NaN NaN 0.01
2 121.260239 23.002564 NaN NaN 5.4  NaN NaN 0.3
2 121.307044 22.991111 NaN NaN 2.9  NaN NaN 0.03
2 121.30701 22.992148 NaN NaN 5.0  NaN NaN 0.1
2 121.2942667 22.964456 NaN NaN 2.7  NaN NaN 0.03
2 121.13404 22.83296 NaN NaN 18.7  NaN NaN 1.7
2 121.47539 23.46775 NaN NaN 2.9  NaN NaN 0.1
2 121.47298 23.48728 NaN NaN 2.8  NaN NaN 0.1
2 121.42265 23.49154 NaN NaN 9.5  NaN NaN 0.4
2 121.36474 23.14103 NaN NaN 4.7  NaN NaN 0.5
2 121.37276 23.13537 NaN NaN 3.8  NaN NaN 0.5
2 121.14894 22.89104 NaN NaN 17.1  NaN NaN 1.1
2 121.15501 22.87887 NaN NaN 29.9  NaN NaN 4.0
2 121.4372 25.2098 NaN NaN 1.8  NaN NaN 0.5
2 121.6264 25.2678 NaN NaN 1.2  NaN NaN 0.5
2 121.6758 25.2026 NaN NaN 0.5  NaN NaN 0.5
2 121.7019 25.2173 NaN NaN 1.5  NaN NaN 0.5
2 121.8033 25.1474 NaN NaN 0.0  NaN NaN 0.5
2 121.8277 25.1203 NaN NaN -0.3  NaN NaN 0.5
2 121.4105 25.1613 NaN NaN 0.0  NaN NaN 0.5
2 120.5624 24.3125 NaN NaN 0.1  NaN NaN 0.5
2 120.5729 24.2658 NaN NaN -0.9  NaN NaN 0.5
2 120.5312 24.2522 NaN NaN -0.4  NaN NaN 0.5
2 120.5419 24.1592 NaN NaN 0.1  NaN NaN 0.5
2 120.5072 24.2181 NaN NaN -0.5  NaN NaN 0.5
2 120.9405 24.8412 NaN NaN 0.2  NaN NaN 1.0
2 120.7502 24.6115 NaN NaN 1.0  NaN NaN 0.5
2 120.3549 23.6077 NaN NaN -0.2  NaN NaN 0.5
2 120.3085 23.7248 NaN NaN -0.3  NaN NaN 0.5
2 120.3892 23.6758 NaN NaN 0.0  NaN NaN 0.5
2 120.211 23.5663 NaN NaN -0.5  NaN NaN 0.5
2 120.311 23.7908 NaN NaN -0.5  NaN NaN 0.5
2 120.3431 23.7221 NaN NaN -0.2  NaN NaN 0.5
2 120.2888 23.7597 NaN NaN -0.3  NaN NaN 1.0
2 120.4581 23.894 NaN NaN 0.9  NaN NaN 1.0
2 120.2188 23.612 NaN NaN -0.6  NaN NaN 0.5
2 120.3016 23.5788 NaN NaN -1.2  NaN NaN 0.5
2 120.3782 23.8564 NaN NaN -0.3  NaN NaN 0.5
2 120.1836 23.7205 NaN NaN -1.0  NaN NaN 0.5
2 120.1523 23.6342 NaN NaN -1.0  NaN NaN 0.5
2 120.4792 23.9485 NaN NaN -0.3  NaN NaN 0.5
2 120.3921 23.7965 NaN NaN -0.5  NaN NaN 0.5
2 120.2348 23.7892 NaN NaN -1.2  NaN NaN 1.0
2 120.4803 24.0886 NaN NaN -0.3  NaN NaN 0.5
2 120.3475 23.8356 NaN NaN -0.5  NaN NaN 0.5
2 120.4303 24.0543 NaN NaN -0.5  NaN NaN 1.0
2 120.4269 23.895 NaN NaN -0.4  NaN NaN 1.0
2 120.3103 23.6523 NaN NaN -0.5  NaN NaN 1.0
2 120.3203 23.9238 NaN NaN -1.5  NaN NaN 1.0
2 120.2262 23.7645 NaN NaN -1.2  NaN NaN 1.0
2 120.582 23.9493 NaN NaN -0.3  NaN NaN 0.5
2 120.4318 23.7142 NaN NaN 0.0  NaN NaN 0.5
2 120.249 23.7039 NaN NaN -0.8  NaN NaN 1.0
2 120.2896 23.8605 NaN NaN -1.3  NaN NaN 1.0
2 120.3555 24.013 NaN NaN -1.5  NaN NaN 1.0
2 120.468 24.1314 NaN NaN -0.4  NaN NaN 1.0
2 120.275 23.6258 NaN NaN -0.6  NaN NaN 1.0
2 120.497 23.7568 NaN NaN 0.0  NaN NaN 0.5
2 120.512 23.6578 NaN NaN 0.0  NaN NaN 0.5
2 120.2939 23.4794 NaN NaN 0.0  NaN NaN 0.5
2 120.4943 23.5577 NaN NaN 1.5  NaN NaN 0.5
2 120.345 23.555 NaN NaN 0.7  NaN NaN 0.5
2 120.2148 23.4636 NaN NaN 0.2  NaN NaN 0.5
2 120.2395 23.4597 NaN NaN 0.2  NaN NaN 0.5
2 120.2766 23.4391 NaN NaN 1.3  NaN NaN 0.5
2 120.335 23.4853 NaN NaN 1.0  NaN NaN 0.5
2 120.2497 23.4115 NaN NaN 0.0  NaN NaN 0.5
2 120.3063 23.4113 NaN NaN 1.3  NaN NaN 0.5
2 120.3816 23.4169 NaN NaN 2.4  NaN NaN 0.5
2 120.2197 23.3597 NaN NaN 0.0  NaN NaN 0.5
2 120.1543 23.4603 NaN NaN -0.1  NaN NaN 1.0
2 120.2606 23.33 NaN NaN 0.0  NaN NaN 0.5
2 120.3241 23.1388 NaN NaN 1.0  NaN NaN 0.5
2 120.4133 23.3528 NaN NaN 1.5  NaN NaN 0.5
2 120.3655 23.2865 NaN NaN 1.2  NaN NaN 0.5
2 120.3816 23.4169 NaN NaN 2.4  NaN NaN 0.5
2 120.169 23.2962 NaN NaN -2.2  NaN NaN 0.5
2 120.26 22.9535 NaN NaN -0.4  NaN NaN 0.5
2 120.3506 23.2255 NaN NaN 1.8  NaN NaN 0.5
2 120.1794 22.9318 NaN NaN -3.5  NaN NaN 0.5
2 120.2349 22.9218 NaN NaN -1.8  NaN NaN 1.0
2 120.2616 22.9134 NaN NaN 1.4  NaN NaN 1.0
2 120.1257 23.2407 NaN NaN -2.8  NaN NaN 0.5
2 120.1105 23.1829 NaN NaN -2.2  NaN NaN 0.5
2 120.0723 23.1052 NaN NaN -3.2  NaN NaN 0.5
2 120.1545 23.1495 NaN NaN -2.2  NaN NaN 0.5
2 120.2064 23.2052 NaN NaN -2.9  NaN NaN 0.5
2 120.1992 23.1234 NaN NaN -2.3  NaN NaN 0.5
2 120.2577 23.276 NaN NaN -0.7  NaN NaN 0.5
2 120.261 23.2308 NaN NaN -1.2  NaN NaN 0.5
2 120.2694 23.1871 NaN NaN -0.9  NaN NaN 0.5
2 120.3125 23.2734 NaN NaN 0.5  NaN NaN 0.5
2 120.0676 23.0425 NaN NaN -3.4  NaN NaN 0.5
2 120.1351 23.0302 NaN NaN -4.0  NaN NaN 1.0
2 120.1588 22.9793 NaN NaN -4.6  NaN NaN 0.5
2 120.192 23.0395 NaN NaN -3.6  NaN NaN 0.5
2 120.218 23.0813 NaN NaN -3.2  NaN NaN 0.5
2 120.2593 22.9896 NaN NaN -0.8  NaN NaN 0.5
2 120.2875 23.1359 NaN NaN -1.0  NaN NaN 0.5
2 120.2801 23.1044 NaN NaN -1.9  NaN NaN 0.5
2 120.2967 23.0792 NaN NaN -1.4  NaN NaN 0.5
2 120.3093 23.0532 NaN NaN 0.1  NaN NaN 0.5
2 120.3485 23.0695 NaN NaN 4.5  NaN NaN 0.5
2 120.3499 23.5549 NaN NaN 1.0  NaN NaN 0.3
2 120.4355 23.5574 NaN NaN 2.0  NaN NaN 0.1
2 120.2192 23.3566 NaN NaN -0.2  NaN NaN 0.2
2 120.2078 23.2608 NaN NaN -1.0  NaN NaN 0.4
2 120.1178 23.1021 NaN NaN -3.4  NaN NaN 0.3
2 120.2218 22.9599 NaN NaN 2.3  NaN NaN 0.2
2 120.2361 22.9993 NaN NaN 3.1  NaN NaN 0.5
2 120.2359 22.9775 NaN NaN 3.1  NaN NaN 0.5
2 120.2177 22.9996 NaN NaN 2.7  NaN NaN 0.5
2 120.2179 22.9776 NaN NaN 2.5  NaN NaN 0.5
2 120.2116 22.9899 NaN NaN 1.8  NaN NaN 0.5
2 120.2023 22.9977 NaN NaN 0.0  NaN NaN 0.5
2 120.2173 23.0117 NaN NaN 2.2  NaN NaN 0.5
2 120.2411 22.9484 NaN NaN -1.5  NaN NaN 0.5
2 120.333 22.9172 NaN NaN 3.9  NaN NaN 0.5
2 120.3449 22.9299 NaN NaN 5.2  NaN NaN 0.5
2 120.3578 22.9117 NaN NaN 5.7  NaN NaN 0.5
2 120.3577 22.8929 NaN NaN 5.5  NaN NaN 0.5
2 120.3595 22.8818 NaN NaN 5.4  NaN NaN 0.5
2 120.1859 22.8873 NaN NaN -4.2  NaN NaN 0.5
2 120.2013 22.8585 NaN NaN -4.5  NaN NaN 0.5
2 120.2249 22.8144 NaN NaN -2.6  NaN NaN 0.5
2 120.2307 22.8634 NaN NaN 0.0  NaN NaN 0.5
2 120.2703 22.8745 NaN NaN 3.0  NaN NaN 0.5
2 120.3278 22.8837 NaN NaN 1.1  NaN NaN 1.0
2 120.269 22.818 NaN NaN 1.5  NaN NaN 1.0
2 120.2923 22.7602 NaN NaN -3.5  NaN NaN 0.5
2 120.2478 22.7844 NaN NaN 0.0  NaN NaN 0.5
2 120.3016 22.7184 NaN NaN 2.5  NaN NaN 1.0
2 120.3469 22.7317 NaN NaN 1.5  NaN NaN 0.5
2 120.294 22.6753 NaN NaN 1.0  NaN NaN 1.0
2 120.2942 22.5775 NaN NaN -2.3  NaN NaN 0.5
2 120.3233 22.6215 NaN NaN -0.4  NaN NaN 0.5
2 120.3354 22.562 NaN NaN -0.7  NaN NaN 0.5
2 120.2827 22.6222 NaN NaN -0.9  NaN NaN 0.5
2 120.3197 22.5728 NaN NaN -0.7  NaN NaN 0.5
2 120.3153 22.6078 NaN NaN -1.6  NaN NaN 0.5
2 120.2911 22.6372 NaN NaN 0.0  NaN NaN 0.5
2 120.3186 22.6439 NaN NaN 0.1  NaN NaN 0.5
2 120.6948 22.1957 NaN NaN 3.0  NaN NaN 1.0
2 120.7217 22.0955 NaN NaN 3.5  NaN NaN 0.5
2 120.7821 21.9513 NaN NaN 4.3  NaN NaN 0.5
2 120.8645 21.9013 NaN NaN 0.9  NaN NaN 0.5
2 120.8436 21.978 NaN NaN 2.8  NaN NaN 0.5
2 120.6992 22.0009 NaN NaN 2.5  NaN NaN 1.0
2 120.714 21.9657 NaN NaN 2.2  NaN NaN 0.5
2 120.7435 21.9396 NaN NaN 2.9  NaN NaN 0.5
2 120.7158 22.0755 NaN NaN -1.0  NaN NaN 0.5
2 121.7626 24.655 NaN NaN -5.5  NaN NaN 0.5
2 121.7634 24.7268 NaN NaN -9.2  NaN NaN 0.5
2 121.7637 24.7508 NaN NaN -8.3  NaN NaN 0.5
2 121.7593 24.7846 NaN NaN -3.8  NaN NaN 0.5
2 121.7719 24.6916 NaN NaN -7.2  NaN NaN 0.5
2 121.7993 24.6881 NaN NaN -7.6  NaN NaN 0.5
2 121.7991 24.6619 NaN NaN -4.0  NaN NaN 0.5
2 121.8139 24.6373 NaN NaN -3.0  NaN NaN 0.5
2 121.8296 24.666 NaN NaN -3.5  NaN NaN 0.5
2 121.7232 24.7237 NaN NaN -6.6  NaN NaN 0.5
2 121.7282 24.7632 NaN NaN -5.5  NaN NaN 0.5
2 121.8209 24.8247 NaN NaN -6.1  NaN NaN 0.5
2 121.7988 24.7722 NaN NaN -12.0  NaN NaN 1.0
2 121.8209 24.7369 NaN NaN -13.1  NaN NaN 1.0
2 121.8274 24.7063 NaN NaN -8.7  NaN NaN 1.0
2 121.6027 23.9795 NaN NaN -1.1  NaN NaN 0.5
2 121.5942 23.9361 NaN NaN -2.0  NaN NaN 0.5
2 121.6061 24.0319 NaN NaN 1.3  NaN NaN 1.0
2 121.5871 23.9964 NaN NaN 0.6  NaN NaN 0.5
2 121.1218 22.7365 NaN NaN -4.0  NaN NaN 0.5
2 121.1516 22.7463 NaN NaN -1.5  NaN NaN 0.5
2 120.5255 22.6219 NaN NaN -2.4  NaN NaN 0.5
2 120.5948 22.5718 NaN NaN -0.5  NaN NaN 0.5
2 120.4804 22.5635 NaN NaN -1.5  NaN NaN 0.5
2 120.4518 22.5233 NaN NaN -4.8  NaN NaN 0.5
2 120.4953 22.4571 NaN NaN -4.5  NaN NaN 0.5
2 120.4949 22.4253 NaN NaN -6.5  NaN NaN 0.5
2 120.4791 22.8454 NaN NaN 1.5  NaN NaN 0.5
2 120.5064 22.6982 NaN NaN -1.4  NaN NaN 0.5
2 120.394 22.6053 NaN NaN 1.5  NaN NaN 0.5
2 120.4695 22.6144 NaN NaN 2.0  NaN NaN 0.5
2 120.5652 22.6087 NaN NaN 0.3  NaN NaN 0.5
2 120.4253 22.5642 NaN NaN -5.4  NaN NaN 0.5
2 120.5125 22.5146 NaN NaN -2.8  NaN NaN 0.5
2 120.4557 22.4699 NaN NaN -3.8  NaN NaN 0.5
2 120.5497 22.3961 NaN NaN -3.3  NaN NaN 0.5
2 120.6211 22.331 NaN NaN -1.8  NaN NaN 0.5
2 120.4091 22.5413 NaN NaN -0.1  NaN NaN 0.5
2 120.5527 22.4216 NaN NaN -3.2  NaN NaN 0.5
2 120.6141 22.591 NaN NaN 0.0  NaN NaN 0.5
2 120.5251 22.5749 NaN NaN -2.4  NaN NaN 0.5
2 120.4823 22.5096 NaN NaN -7.2  NaN NaN 0.5
2 120.5503 22.4708 NaN NaN -2.6  NaN NaN 0.5
2 121.5159 25.043 NaN NaN -0.3  NaN NaN 0.5
2 120.81699 24.0178967 NaN NaN 1.828358209  NaN NaN 0.5
2 120.815905 24.0185283 NaN NaN 2.703583062  NaN NaN 0.5
2 120.816052 24.0184851 NaN NaN 3.802816901  NaN NaN 0.5
2 120.86877 24.0483682 NaN NaN 5.219364599  NaN NaN 0.5
2 120.868792 24.048254 NaN NaN 9.232804233  NaN NaN 0.5
2 120.88609 24.0525971 NaN NaN 6.259541985  NaN NaN 0.5
2 120.889282 24.0619547 NaN NaN 9.333333333  NaN NaN 0.5
2 120.889308 24.0619571 NaN NaN 10.17241379  NaN NaN 0.5
2 120.922517 24.0619143 NaN NaN 9.333333333  NaN NaN 0.5
2 120.937288 24.0584646 NaN NaN 1.864165281  NaN NaN 0.5
2 120.968672 24.0717396 NaN NaN 5.128755365  NaN NaN 0.5
2 120.970129 24.0723092 NaN NaN 0.855745721  NaN NaN 0.5
2 120.970331 24.072342 NaN NaN 2.243589744  NaN NaN 0.5
2 120.972411 24.0725777 NaN NaN 3.225806452  NaN NaN 0.5
2 120.987151 24.0825921 NaN NaN 2.54601227  NaN NaN 0.5
2 120.987288 24.0827497 NaN NaN 2.189655172  NaN NaN 0.5
2 120.991176 24.0818306 NaN NaN 2.252747253  NaN NaN 0.5
2 120.701846 23.994015 NaN NaN 3.846153846  NaN NaN 0.5
2 120.7217 23.8333 NaN NaN 1.366906475  NaN NaN 0.5
2 120.7217 23.8333 NaN NaN 1.417910448  NaN NaN 0.5
2 120.7277 23.8355 NaN NaN 3.444444444  NaN NaN 0.5
2 120.7329 23.9701 NaN NaN 4.807692308  NaN NaN 0.5
2 120.7326 23.9697 NaN NaN 4.210526316  NaN NaN 0.5
2 120.6536 23.871 NaN NaN 0.857142857  NaN NaN 0.5
2 120.66225 23.827 NaN NaN 0.931677019  NaN NaN 0.5
2 120.6254 23.895 NaN NaN 2.238095238  NaN NaN 0.5
2 120.7715587 24.2163538 NaN NaN 8.8  NaN NaN 0.5
2 120.805907 24.2371778 NaN NaN 9.348837209  NaN NaN 0.5
2 120.7989755 24.2366993 NaN NaN 13.27586207  NaN NaN 0.5
2 120.8178393 24.2317479 NaN NaN 9.270833333  NaN NaN 0.5
2 120.7311 23.76994 NaN NaN 2.253032929  NaN NaN 0.5
2 120.396944 22.8355556 NaN NaN 5.0  NaN NaN 0.5
2 120.357778 22.8675 NaN NaN 6.7  NaN NaN 0.5
2 120.356667 22.8663889 NaN NaN 7.9  NaN NaN 0.5
2 120.356667 22.8666667 NaN NaN 11.0  NaN NaN 0.5
2 120.353333 22.8816667 NaN NaN 4.5  NaN NaN 0.5
2 120.401667 23.055 NaN NaN 2.4  NaN NaN 0.5
2 120.410833 23.0577778 NaN NaN 7.8  NaN NaN 0.5
2 120.397222 23.055 NaN NaN 8.4  NaN NaN 0.5
2 120.395833 23.0552778 NaN NaN 7.6  NaN NaN 0.5
2 120.394444 23.0566667 NaN NaN 13.0  NaN NaN 0.5
2 120.397222 23.0683333 NaN NaN 7.0  NaN NaN 0.5
2 120.391389 23.1425 NaN NaN 16.0  NaN NaN 0.5
2 120.538889 23.3858333 NaN NaN 6.9  NaN NaN 0.5
2 120.390278 23.1422222 NaN NaN 12.1  NaN NaN 0.5
2 120.479722 23.5675 NaN NaN 7.6  NaN NaN 0.5
2 121.3 24.9166667 NaN NaN 1.3  NaN NaN 0.5
2 121.469167 24.2277778 NaN NaN 12.0  NaN NaN 0.5
2 121.478056 24.1855556 NaN NaN 6.3  NaN NaN 0.5
2 121.485833 23.4711111 NaN NaN 6.5  NaN NaN 0.5
2 120.497222 23.0833333 NaN NaN 5.0  NaN NaN 0.5
2 120.380278 22.8852778 NaN NaN 10.4  NaN NaN 0.5
2 120.388889 22.8919444 NaN NaN 17.6  NaN NaN 0.5
2 120.382778 22.8855556 NaN NaN 21.9  NaN NaN 0.5
2 120.377222 22.8758333 NaN NaN 11.7  NaN NaN 0.5
2 120.377222 22.8758333 NaN NaN 10.9  NaN NaN 0.5
2 120.386944 22.8872222 NaN NaN 15.4  NaN NaN 0.5
2 120.382778 22.8816667 NaN NaN 13.0  NaN NaN 0.5
2 121.2640389 24.2912206 NaN NaN 1.267605634  NaN NaN 0.5
2 120.684635 23.769617 NaN NaN 2.903225806  NaN NaN 0.5
2 120.84472 22.0233 NaN NaN 1.395  NaN NaN 0.5
2 120.84472 22.0233 NaN NaN 1.659  NaN NaN 0.5
2 120.84583 22.02323 NaN NaN 0.616  NaN NaN 0.5
2 120.84583 22.02323 NaN NaN 1.026  NaN NaN 0.5
2 120.82159 22.00139 NaN NaN 0.148  NaN NaN 0.5
2 120.82111 22.00167 NaN NaN 0.482  NaN NaN 0.5
2 120.82193 22.00125 NaN NaN 1.568  NaN NaN 0.5
2 120.80194 21.99694 NaN NaN 1.238  NaN NaN 0.5
2 120.84411 21.97832 NaN NaN 1.653  NaN NaN 0.5
2 120.84375 21.98131 NaN NaN 0.26  NaN NaN 0.5
2 120.84375 21.98131 NaN NaN 0.402  NaN NaN 0.5
2 120.84375 21.98131 NaN NaN 0.734  NaN NaN 0.5
2 120.84361 21.98139 NaN NaN 1.852  NaN NaN 0.5
2 120.83671 21.98734 NaN NaN 0.035  NaN NaN 0.5
2 120.83671 21.98734 NaN NaN 0.395  NaN NaN 0.5
2 120.83671 21.98734 NaN NaN 0.689  NaN NaN 0.5
2 120.83671 21.98734 NaN NaN 1.138  NaN NaN 0.5
2 120.65556 22.70747 NaN NaN 3.5  NaN NaN 1.7
2 120.74395 22.76206 NaN NaN 5.8  NaN NaN 2.6
2 120.76467 22.74799 NaN NaN 3.8  NaN NaN 1.5
2 120.75588 22.75811 NaN NaN 0.9  NaN NaN 0.4
2 120.6476 22.71433 NaN NaN 1.3  NaN NaN 0.7
2 120.75836 22.75497 NaN NaN 1.9  NaN NaN 1.0
2 120.63539 22.719116 NaN NaN 1.3  NaN NaN 0.5
2 120.72827 22.75317 NaN NaN 3.7  NaN NaN 1.7
2 120.72693 22.75398 NaN NaN 4.0  NaN NaN 1.6
2 120.64016 22.62862 NaN NaN 0.6  NaN NaN 0.2
2 120.67303 22.5648 NaN NaN 3.6  NaN NaN 1.8
2 120.68063 22.56145 NaN NaN 2.0  NaN NaN 1.0
2 120.63266 22.5152 NaN NaN 4.5  NaN NaN 2.4
2 120.64659 22.43928 NaN NaN 2.5  NaN NaN 1.9
2 120.64677 22.43598 NaN NaN 1.3  NaN NaN 0.6
2 120.64533 22.43781 NaN NaN 3.1  NaN NaN 0.6
2 120.65398 22.37425 NaN NaN 0.7  NaN NaN 0.3
2 120.65369 22.37598 NaN NaN 1.5  NaN NaN 0.5
2 120.6544 22.37457 NaN NaN 3.3  NaN NaN 0.5
2 120.73795 22.2719 NaN NaN 2.6  NaN NaN 1.0
2 120.75252 22.27466 NaN NaN 0.5  NaN NaN 0.2
2 120.69016 22.26863 NaN NaN 4.4  NaN NaN 2.7
2 120.8005 22.23098 NaN NaN 1.3  NaN NaN 0.5
2 120.80077 22.23055 NaN NaN 0.9  NaN NaN 0.3
2 120.80852 22.14512 NaN NaN 3.7  NaN NaN 1.7
2 120.93812 22.59372 NaN NaN 4.8  NaN NaN 2.3
2 120.91144 22.52086 NaN NaN 1.2  NaN NaN 0.7
2 120.93414 22.52385 NaN NaN 0.6  NaN NaN 0.3
2 120.90285 22.45969 NaN NaN 3.5  NaN NaN 1.8
2 120.90941 22.47522 NaN NaN 2.5  NaN NaN 1.2
2 120.87726 22.44588 NaN NaN 3.7  NaN NaN 1.1
2 120.89513 22.45448 NaN NaN 2.1  NaN NaN 1.2
2 120.91112 22.47485 NaN NaN 1.5  NaN NaN 0.8
2 120.89748 22.35939 NaN NaN 1.5  NaN NaN 1.0
2 120.870417 22.2924 NaN NaN 0.2  NaN NaN 0.1
2 121.2 24.3 NaN NaN 1.8  NaN NaN 0.4
2 121.3 24.4 NaN NaN 1.4  NaN NaN 0.5
2 121.3 24.4 NaN NaN 4.9  NaN NaN 1.4
2 121.3 24.3 NaN NaN 1.3  NaN NaN 0.4
2 121.3 24.3 NaN NaN 6.1  NaN NaN 1.6
2 121.0 24.1 NaN NaN 0.7  NaN NaN 0.2
2 120.9 24.1 NaN NaN 0.9  NaN NaN 0.2
2 121.1 24.1 NaN NaN 1.0  NaN NaN 0.3
2 121.0 24.0 NaN NaN 0.2  NaN NaN 0.0
2 121.1 24.1 NaN NaN 1.8  NaN NaN 0.4
2 121.1 24.0 NaN NaN 0.8  NaN NaN 0.2
2 121.0 23.7 NaN NaN 2.3  NaN NaN 0.5
2 121.0 23.8 NaN NaN 1.8  NaN NaN 0.4
2 121.1 23.8 NaN NaN 3.8  NaN NaN 1.1
2 121.1 23.8 NaN NaN 10.0  NaN NaN 3.3
2 121.1 23.8 NaN NaN 1.2  NaN NaN 0.2
2 120.9 23.3 NaN NaN 2.8  NaN NaN 0.8
2 120.8 23.1 NaN NaN 2.3  NaN NaN 0.6
2 121.6 24.4 NaN NaN 3.4  NaN NaN 1.4
2 121.5 24.3 NaN NaN 6.3  NaN NaN 2.3
2 121.4 24.2 NaN NaN 4.4  NaN NaN 1.2
2 121.4 24.2 NaN NaN 1.0  NaN NaN 0.3
2 121.6 24.2 NaN NaN 1.9  NaN NaN 0.5
2 121.4 24.0 NaN NaN 3.3  NaN NaN 1.1
2 121.4 24.0 NaN NaN 4.8  NaN NaN 1.6
2 121.4 24.0 NaN NaN 6.5  NaN NaN 1.9
2 121.1 23.2 NaN NaN 2.5  NaN NaN 0.6
2 121.0 23.2 NaN NaN 5.3  NaN NaN 1.5
2 121.0 23.2 NaN NaN 8.8  NaN NaN 4.0
2 121.0 23.2 NaN NaN 7.0  NaN NaN 2.7
2 121.0 23.2 NaN NaN 5.4  NaN NaN 1.7
2 121.0 23.1 NaN NaN 4.1  NaN NaN 1.2
2 120.9 22.9 NaN NaN 2.4  NaN NaN 0.5
2 120.9 22.9 NaN NaN 3.1  NaN NaN 0.9
2 120.93 22.92 NaN NaN 3.3  NaN NaN 0.9
2 120.765 22.213 NaN NaN 0.06  NaN NaN 0.01
2 120.725 22.28 NaN NaN 0.1  NaN NaN 0.01
2 120.739 22.273 NaN NaN 0.06  NaN NaN 0.01
2 120.649 22.368 NaN NaN 0.09  NaN NaN 0.01
2 120.654 22.443 NaN NaN 0.68  NaN NaN 0.09
2 120.678 22.528 NaN NaN 0.43  NaN NaN 0.06
2 120.66 22.536 NaN NaN 0.51  NaN NaN 0.08
2 120.652 22.71 NaN NaN 4.55  NaN NaN 1.29
2 120.807 22.27 NaN NaN 0.17  NaN NaN 0.02
2 120.838 22.287 NaN NaN 0.44  NaN NaN 0.07
2 120.833 22.292 NaN NaN 0.23  NaN NaN 0.03
2 120.856 22.292 NaN NaN 0.38  NaN NaN 0.05
2 120.864 22.289 NaN NaN 0.21  NaN NaN 0.03
2 120.874 22.362 NaN NaN 0.46  NaN NaN 0.07
2 120.87 22.367 NaN NaN 1.12  NaN NaN 0.19
2 120.925 22.463 NaN NaN 2.29  NaN NaN 0.47
2 120.853 22.503 NaN NaN 3.36  NaN NaN 0.88
2 120.844 22.508 NaN NaN 0.77  NaN NaN 0.1
2 120.858 22.514 NaN NaN 3.02  NaN NaN 0.75
2 120.943 22.53 NaN NaN 3.93  NaN NaN 1.11
2 120.945 22.594 NaN NaN 3.78  NaN NaN 0.96
2 120.982 22.682 NaN NaN 3.75  NaN NaN 0.89
2 121.034 22.764 NaN NaN 3.09  NaN NaN 0.62
2 121.033 22.772 NaN NaN 1.35  NaN NaN 0.24
2 121.028 22.964 NaN NaN 0.61  NaN NaN 0.06
2 121.03 22.938 NaN NaN 1.08  NaN NaN 0.14
2 120.985 22.94 NaN NaN 2.0  NaN NaN 0.3
2 121.011 22.871 NaN NaN 2.27  NaN NaN 0.37
2 120.944 22.882 NaN NaN 7.39  NaN NaN 2.18
2 120.958 22.867 NaN NaN 3.25  NaN NaN 0.72
2 121.053 22.873 NaN NaN 3.17  NaN NaN 0.58
2 121.05 22.994 NaN NaN 6.56  NaN NaN 2.31
2 121.039 23.013 NaN NaN 6.96  NaN NaN 2.2
2 121.121 22.97 NaN NaN 6.66  NaN NaN 1.74
2 121.087 23.043 NaN NaN 1.22  NaN NaN 0.16
2 121.109 23.109 NaN NaN 1.21  NaN NaN 0.18
2 121.118 23.131 NaN NaN 3.8  NaN NaN 0.77
2 121.034 22.764 NaN NaN 0.9  NaN NaN 0.14
2 121.012 22.695 NaN NaN 2.36  NaN NaN 0.39
2 120.98 22.682 NaN NaN 2.18  NaN NaN 0.5
2 120.963 22.592 NaN NaN 2.31  NaN NaN 0.53
2 120.96 22.595 NaN NaN 2.22  NaN NaN 0.5
2 120.934 22.524 NaN NaN 3.69  NaN NaN 0.72
2 120.94 22.529 NaN NaN 1.5  NaN NaN 0.25
2 120.926 22.462 NaN NaN 1.84  NaN NaN 0.3
2 120.93 22.463 NaN NaN 1.32  NaN NaN 0.25
2 120.89 22.359 NaN NaN 0.27  NaN NaN 0.05
2 120.9 22.362 NaN NaN 0.37  NaN NaN 0.05
2 120.873 22.292 NaN NaN 0.24  NaN NaN 0.04
2 120.65 22.711 NaN NaN 2.76  NaN NaN 0.48
2 120.657 22.527 NaN NaN 0.88  NaN NaN 0.13
2 120.656 22.526 NaN NaN 0.74  NaN NaN 0.13
2 120.645 22.438 NaN NaN 0.86  NaN NaN 0.15
2 120.638 22.353 NaN NaN 0.07  NaN NaN 0.01
2 120.639 22.353 NaN NaN 0.06  NaN NaN 0.0
2 120.678 22.263 NaN NaN 0.07  NaN NaN 0.01
2 120.727 22.211 NaN NaN 0.08  NaN NaN 0.01
2 120.728 22.211 NaN NaN 0.13  NaN NaN 0.02
2 121.372911 24.42359 NaN NaN 1.44  NaN NaN 0.56
2 121.376078 24.423727 NaN NaN 1.08  NaN NaN 0.35
2 121.419781 24.487344 NaN NaN 1.83  NaN NaN 0.62
2 121.444647 24.532316 NaN NaN 1.36  NaN NaN 0.53
2 121.491522 24.572529 NaN NaN 0.53  NaN NaN 0.0
2 121.494853 24.572767 NaN NaN 0.39  NaN NaN 0.0
2 121.375007 24.418873 NaN NaN 0.84  NaN NaN 0.0
2 121.373197 24.420949 NaN NaN 7.09  NaN NaN 0.0
2 121.393607 24.45891 NaN NaN 6.94  NaN NaN 0.0
2 121.406099 24.466762 NaN NaN 4.33  NaN NaN 0.0
2 121.407646 24.469498 NaN NaN 2.22  NaN NaN 0.0
2 121.488667 24.577764 NaN NaN 6.61  NaN NaN 0.0
2 121.416212 24.483894 NaN NaN 2.56  NaN NaN 0.96
2 121.419662 24.484489 NaN NaN 2.34  NaN NaN 0.94
2 121.458923 24.554921 NaN NaN 2.58  NaN NaN 1.0
2 121.521602 24.606925 NaN NaN 1.88  NaN NaN 0.72
2 121.315 23.405 NaN NaN 5.4  NaN NaN 0.6
2 121.266 23.295 NaN NaN 4.85  NaN NaN 0.65
